Identifier,name,birthdate,death_date,Age,Sex,ChestPainType,RestingBP,Cholesterol,FastingBS,RestingECG,MaxHR,ExerciseAngina,Oldpeak,ST_Slope,HeartDisease
275139,Ricarda Satterfield I,1926-07-29,1966-08-08,40,M,ATA,140,289,0,Normal,172,N,0.0,Up,0
283963,Helaine Skiles,1935-03-29,1984-05-02,49,F,NAP,160,180,0,Normal,156,N,1.0,Flat,1
20373,Denver Schoen III,1907-01-14,1944-04-24,37,M,ATA,130,283,0,ST,98,N,0.0,Up,0
880268,Gary Nitzsche,1901-12-18,1950-03-24,48,F,ASY,138,214,0,Normal,108,Y,1.5,Flat,1
160855,Michel Wilderman,1952-08-12,2006-08-14,54,M,NAP,150,195,0,Normal,122,N,0.0,Up,0
453309,Carlton Heathcote PhD,1942-09-05,1981-12-06,39,M,NAP,120,339,0,Normal,170,N,0.0,Up,0
483087,Evan Luettgen,1942-08-06,1987-08-13,45,F,ATA,130,237,0,Normal,170,N,0.0,Up,0
467973,Sen. Bertram Harvey,1934-12-31,1989-01-03,54,M,ATA,110,208,0,Normal,142,N,0.0,Up,0
989399,Jeffry Dibbert,1929-03-19,1966-05-21,37,M,ASY,140,207,0,Normal,130,Y,1.5,Flat,1
372082,Jasper Nader,1959-09-12,2007-12-14,48,F,ATA,120,284,0,Normal,120,N,0.0,Up,0
972896,Hallie Leannon,1929-04-17,1966-04-22,37,F,NAP,130,211,0,Normal,142,N,0.0,Up,0
94047,Mrs. Vickey Shanahan,1956-09-05,2014-12-11,58,M,ATA,136,164,0,ST,99,Y,2.0,Flat,1
805344,Sandee Champlin,1917-02-18,1956-03-26,39,M,ATA,120,204,0,Normal,145,N,0.0,Up,0
912483,Carita Walker,1945-08-22,1994-08-24,49,M,ASY,140,234,0,Normal,140,Y,1.0,Flat,1
772317,Vern Ward,1907-12-18,1950-03-26,42,F,NAP,115,211,0,ST,137,N,0.0,Up,0
722547,Mrs. Betsey Wolff,1941-07-06,1995-10-13,54,F,ATA,120,273,0,Normal,150,N,1.5,Flat,0
909982,Jesus Grady,1940-03-26,1978-07-03,38,M,ASY,110,196,0,Normal,166,N,0.0,Flat,1
377323,Rob Walter,1926-10-30,1969-12-10,43,F,ATA,120,201,0,Normal,165,N,0.0,Up,0
784040,Rubye Shields,1934-04-17,1994-04-19,60,M,ASY,100,248,0,Normal,125,N,1.0,Flat,1
388211,Gov. Dustin Quitzon,1947-05-07,1983-09-11,36,M,ATA,120,267,0,Normal,160,N,3.0,Flat,1
519190,Amb. Yael Hermiston,1942-07-08,1985-08-13,43,F,TA,100,223,0,Normal,142,N,0.0,Up,0
313408,Louann D'Amore,1903-03-01,1947-04-11,44,M,ATA,120,184,0,Normal,142,N,1.0,Flat,0
988297,Virgilio Kozey,1972-01-21,2021-03-01,49,F,ATA,124,201,0,Normal,164,N,0.0,Up,0
622739,Williams Skiles,1935-04-27,1979-06-04,44,M,ATA,150,288,0,Normal,150,Y,3.0,Flat,1
838674,Greg Jones,1940-04-22,1980-08-23,40,M,NAP,130,215,0,Normal,138,N,0.0,Up,0
328322,Thresa Emmerich,1943-04-23,1979-05-25,36,M,NAP,130,209,0,Normal,178,N,0.0,Up,0
364141,Krystal Christiansen,1913-05-21,1966-06-21,53,M,ASY,124,260,0,ST,112,Y,3.0,Flat,0
215633,Shantel Lang DVM,1933-11-11,1985-11-18,52,M,ATA,120,284,0,Normal,118,N,0.0,Up,0
587862,Rep. Leonel Crist,1942-10-17,1995-11-26,53,F,ATA,113,468,0,Normal,127,N,0.0,Up,0
688793,Glennis Kemmer V,1939-02-11,1990-03-14,51,M,ATA,125,188,0,Normal,145,N,0.0,Up,0
553635,Benedict Weissnat,1954-05-27,2007-06-01,53,M,NAP,145,518,0,Normal,130,N,0.0,Flat,1
805950,Neely Dach,1934-12-21,1991-01-26,56,M,NAP,130,167,0,Normal,114,N,0.0,Up,0
371078,Major Waelchi,1942-01-03,1996-03-09,54,M,ASY,125,224,0,Normal,122,N,2.0,Flat,1
621240,Pres. Danial Bayer,1944-01-03,1985-02-04,41,M,ASY,130,172,0,ST,130,N,2.0,Flat,1
1560,Miguel Hane,1936-05-29,1979-09-06,43,F,ATA,150,186,0,Normal,154,N,0.0,Up,0
76089,Jennine Paucek Sr.,1902-08-16,1934-09-19,32,M,ATA,125,254,0,Normal,155,N,0.0,Up,0
192628,Shonda Thiel,1946-06-04,2011-06-08,65,M,ASY,140,306,1,Normal,87,Y,1.5,Flat,1
42759,Tommy Douglas,1951-08-26,1993-01-04,41,F,ATA,110,250,0,ST,142,N,0.0,Up,0
401309,Noel Prohaska,1924-02-27,1972-03-05,48,F,ATA,120,177,1,ST,148,N,0.0,Up,0
650034,Wiley Wilkinson,1932-11-21,1980-11-28,48,F,ASY,150,227,0,Normal,130,Y,1.0,Flat,0
187449,Onie Hettinger,1902-08-28,1956-09-29,54,F,ATA,150,230,0,Normal,130,N,0.0,Up,0
289454,Dr. Thomasine Anderson,1943-08-22,1997-09-28,54,F,NAP,130,294,0,ST,100,Y,0.0,Flat,1
69387,Eli Frami,1905-10-21,1940-10-26,35,M,ATA,150,264,0,Normal,168,N,0.0,Up,0
932890,Lupita Mann,1934-02-23,1986-03-28,52,M,NAP,140,259,0,ST,170,N,0.0,Up,0
818921,Corey Feil II,1960-09-03,2003-11-10,43,M,ASY,120,175,0,Normal,120,Y,1.0,Flat,1
607135,Msgr. Quinton Satterfield,1933-09-13,1992-12-23,59,M,NAP,130,318,0,Normal,120,Y,1.0,Flat,0
672475,Lorri Homenick,1917-06-27,1954-10-05,37,M,ASY,120,223,0,Normal,168,N,0.0,Up,0
930097,Prince White,1947-03-26,1997-06-28,50,M,ATA,140,216,0,Normal,170,N,0.0,Up,0
444823,Lyndon Herman,1908-03-15,1944-05-24,36,M,NAP,112,340,0,Normal,184,N,1.0,Flat,0
717818,Luis DuBuque,1932-11-10,1974-01-14,41,M,ASY,110,289,0,Normal,170,N,0.0,Flat,1
717735,Amy Schmeler,1904-01-29,1954-04-08,50,M,ASY,130,233,0,Normal,121,Y,2.0,Flat,1
935068,Gay Kub LLD,1908-04-23,1955-06-24,47,F,ASY,120,205,0,Normal,98,Y,2.0,Flat,1
696697,Desmond Kub,1939-05-15,1984-08-20,45,M,ATA,140,224,1,Normal,122,N,0.0,Up,0
483531,Lucina Christiansen,1946-08-03,1987-11-12,41,F,ATA,130,245,0,Normal,150,N,0.0,Up,0
604689,Armand Green,1936-07-12,1988-09-14,52,F,ASY,130,180,0,Normal,140,Y,1.5,Flat,0
325715,Chong Kautzer VM,1949-03-06,2000-05-15,51,F,ATA,160,194,0,Normal,170,N,0.0,Up,0
101213,Bart Metz Esq.,1904-04-21,1935-07-28,31,M,ASY,120,270,0,Normal,153,Y,1.5,Flat,1
997137,Josie Greenfelder,1929-01-28,1987-04-07,58,M,NAP,130,213,0,ST,140,N,0.0,Flat,1
723871,Eldora Dach MD,1953-09-16,2007-09-21,54,M,ASY,150,365,0,ST,134,N,1.0,Up,0
200083,Enoch Crooks,1940-08-03,1992-11-12,52,M,ASY,112,342,0,ST,96,Y,1.0,Flat,1
108525,Deon Swift,1924-09-18,1973-10-21,49,M,ATA,100,253,0,Normal,174,N,0.0,Up,0
625859,Sen. Theressa Walsh,1912-10-18,1956-02-24,43,F,NAP,150,254,0,Normal,175,N,0.0,Up,0
800534,Charley Rempel,1957-10-12,2002-12-17,45,M,ASY,140,224,0,Normal,144,N,0.0,Up,0
63376,Hobert Bahringer,1903-07-28,1949-12-03,46,M,ASY,120,277,0,Normal,125,Y,1.0,Flat,1
514165,Larry Herman,1944-08-10,1994-09-18,50,F,ATA,110,202,0,Normal,145,N,0.0,Up,0
583865,Brenda Orn,1964-11-22,2001-11-22,37,F,ATA,120,260,0,Normal,130,N,0.0,Up,0
957897,Caleb Fisher,1935-04-06,1980-07-07,45,F,ASY,132,297,0,Normal,144,N,0.0,Up,0
420043,Amb. Julius Upton,1943-01-10,1975-01-20,32,M,ATA,110,225,0,Normal,184,N,0.0,Up,0
198997,Ms. Sharee Metz,1939-03-30,1991-07-31,52,M,ASY,160,246,0,ST,82,Y,4.0,Flat,1
814994,Rochelle Bashirian,1931-10-30,1976-03-11,44,M,ASY,150,412,0,Normal,170,N,0.0,Up,0
48728,Wilburn D'Amore,1902-06-28,1959-08-29,57,M,ATA,140,265,0,ST,145,Y,1.0,Flat,1
1940,Jodie Goldner,1938-03-25,1982-07-03,44,M,ATA,130,215,0,Normal,135,N,0.0,Up,0
305936,Yael Kulas,1942-11-07,1994-12-11,52,M,ASY,120,182,0,Normal,150,N,0.0,Flat,1
238442,Justa Collins JD,1919-02-15,1963-04-16,44,F,ASY,120,218,0,ST,115,N,0.0,Up,0
176884,Hayden Lowe,1955-07-10,2010-10-19,55,M,ASY,140,268,0,Normal,128,Y,1.5,Flat,1
894755,Edmundo Ullrich,1928-08-16,1974-10-19,46,M,NAP,150,163,0,Normal,116,N,0.0,Up,0
609193,Maude Fadel,1939-04-19,1971-07-22,32,M,ASY,118,529,0,Normal,130,N,0.0,Flat,1
199743,Warren Hessel,1932-09-26,1967-10-29,35,F,ASY,140,167,0,Normal,150,N,0.0,Up,0
148444,Rolando Doyle DDS,1941-10-18,1993-12-23,52,M,ATA,140,100,0,Normal,138,Y,0.0,Up,0
933427,Dr. Caroline Hickle,1938-12-14,1987-12-15,49,M,ASY,130,206,0,Normal,170,N,0.0,Flat,1
883913,Anika Pollich,1913-05-14,1968-08-20,55,M,NAP,110,277,0,Normal,160,N,0.0,Up,0
897514,Ignacio Carroll II,1918-06-18,1972-10-23,54,M,ATA,120,238,0,Normal,154,N,0.0,Up,0
140891,Carter Boyer,1939-12-26,2003-05-01,63,M,ASY,150,223,0,Normal,115,N,0.0,Flat,1
19458,Wilber Kihn,1950-02-24,2002-06-30,52,M,ATA,160,196,0,Normal,165,N,0.0,Up,0
893494,Hollis Johnston,1947-01-14,2003-02-16,56,M,ASY,150,213,1,Normal,125,Y,1.0,Flat,1
464839,Patti Kiehn,1933-04-21,1999-06-28,66,M,ASY,140,139,0,Normal,94,Y,1.0,Flat,1
934539,Rev. Kirby Kerluke,1949-03-07,2014-04-09,65,M,ASY,170,263,1,Normal,112,Y,2.0,Flat,1
309919,Ayanna Stokes,1968-08-01,2021-11-09,53,F,ATA,140,216,0,Normal,142,Y,2.0,Flat,0
22100,Phillip Auer,1939-12-29,1983-03-09,43,M,TA,120,291,0,ST,155,N,0.0,Flat,1
876736,Carmen Ziemann,1940-08-10,1995-11-18,55,M,ASY,140,229,0,Normal,110,Y,0.5,Flat,0
213297,Jason Hackett,1962-11-25,2011-12-05,49,F,ATA,110,208,0,Normal,160,N,0.0,Up,0
711028,Darell Goldner,1954-06-24,1993-08-31,39,M,ASY,130,307,0,Normal,140,N,0.0,Up,0
955669,Claire Bartell,1912-05-19,1964-07-24,52,F,ATA,120,210,0,Normal,148,N,0.0,Up,0
242916,Rep. Efrain Senger,1927-05-24,1975-08-31,48,M,ASY,160,329,0,Normal,92,Y,1.5,Flat,1
466201,Mozelle Kreiger,1930-12-23,1970-02-02,39,F,NAP,110,182,0,ST,180,N,0.0,Up,0
233572,Gene Cassin,1938-04-21,1996-04-22,58,M,ASY,130,263,0,Normal,140,Y,2.0,Flat,1
313777,Amb. Sal Lindgren,1956-09-05,1999-11-15,43,M,ATA,142,207,0,Normal,138,N,0.0,Up,0
724227,Steve Schmitt,1920-11-14,1959-11-23,39,M,NAP,160,147,1,Normal,160,N,0.0,Up,0
612682,Jed Graham,1946-05-14,2002-07-15,56,M,ASY,120,85,0,Normal,140,N,0.0,Up,0
159642,Sen. Gale Orn,1933-04-02,1974-04-07,41,M,ATA,125,269,0,Normal,144,N,0.0,Up,0
155277,Belia Wiza,1956-08-06,2021-09-07,65,M,ASY,130,275,0,ST,115,Y,1.0,Flat,1
14950,Rana Roob,1952-07-26,2003-10-01,51,M,ASY,130,179,0,Normal,100,N,0.0,Up,0
315671,Jarrod Terry Sr.,1909-02-20,1949-03-25,40,F,ASY,150,392,0,Normal,130,N,2.0,Flat,1
529425,Shasta Smitham,1910-09-20,1950-09-24,40,M,ASY,120,466,1,Normal,152,Y,1.0,Flat,1
477354,Nettie Stanton DDS,1940-10-21,1987-03-03,46,M,ASY,118,186,0,Normal,124,N,0.0,Flat,1
504104,Rev. Sueann Herman,1904-12-28,1962-05-01,57,M,ATA,140,260,1,Normal,140,N,0.0,Up,0
235775,Rocco Conn,1940-03-13,1988-05-17,48,F,ASY,120,254,0,ST,110,N,0.0,Up,0
968360,Mohammed Von,1957-07-03,1991-09-12,34,M,ATA,150,214,0,ST,168,N,0.0,Up,0
980508,Susie Kassulke,1938-04-29,1988-09-02,50,M,ASY,140,129,0,Normal,135,N,0.0,Up,0
769233,Edwardo Jast I,1946-10-13,1985-12-15,39,M,ATA,190,241,0,Normal,106,N,0.0,Up,0
631597,Robbyn Deckow,1921-10-17,1981-01-20,59,F,ATA,130,188,0,Normal,124,N,1.0,Flat,0
460058,Pres. Bob Reynolds,1926-01-31,1983-04-10,57,M,ASY,150,255,0,Normal,92,Y,3.0,Flat,1
562165,Patrick Pouros,1954-03-17,2001-04-23,47,M,ASY,140,276,1,Normal,125,Y,0.0,Up,0
236112,Frederick Fay,1920-11-26,1959-03-01,38,M,ATA,140,297,0,Normal,150,N,0.0,Up,0
219488,Fatimah McClure,1947-12-29,1997-03-29,49,F,NAP,130,207,0,ST,135,N,0.0,Up,0
376743,Mrs. Alonzo Langosh,1901-09-23,1934-11-23,33,F,ASY,100,246,0,Normal,150,Y,1.0,Flat,1
750903,Ms. Milo Cremin,1955-03-07,1993-06-11,38,M,ASY,120,282,0,Normal,170,N,0.0,Flat,1
622802,Franklyn O'Keefe,1957-09-23,2016-10-01,59,F,ASY,130,338,1,ST,130,Y,1.5,Flat,1
739445,Louis Lindgren,1911-05-23,1946-09-24,35,F,TA,120,160,0,ST,185,N,0.0,Up,0
630443,Guy Hills,1927-03-15,1961-03-24,34,M,TA,140,156,0,Normal,180,N,0.0,Flat,1
996061,Nilsa Ziemann,1906-05-28,1953-08-28,47,F,NAP,135,248,1,Normal,170,N,0.0,Flat,1
385357,Ms. Carmen Wehner,1916-10-19,1968-10-21,52,F,NAP,125,272,0,Normal,139,N,0.0,Up,0
186106,Ariel Powlowski,1944-06-25,1990-10-26,46,M,ASY,110,240,0,ST,140,N,0.0,Up,0
54347,Earl Dickinson,1957-09-08,2015-12-13,58,F,ATA,180,393,0,Normal,110,Y,1.0,Flat,1
410253,Twana Jacobson,1908-01-21,1966-01-21,58,M,ATA,130,230,0,Normal,150,N,0.0,Up,0
578559,Walton Collier,1925-10-19,1980-02-29,54,M,ATA,120,246,0,Normal,110,N,0.0,Up,0
20429,Miss Beula Larson,1939-10-16,1974-01-16,34,F,ATA,130,161,0,Normal,190,N,0.0,Up,0
173232,Wesley Quitzon JD,1934-05-30,1982-07-03,48,F,ASY,108,163,0,Normal,175,N,2.0,Up,0
325314,Rep. Louie Osinski,1939-08-21,1993-11-22,54,F,ATA,120,230,1,Normal,140,N,0.0,Up,0
220870,Kurtis Purdy,1939-08-24,1981-11-25,42,M,NAP,120,228,0,Normal,152,Y,1.5,Flat,0
111571,Toshia Monahan DO,1933-01-16,1971-01-16,38,M,NAP,145,292,0,Normal,130,N,0.0,Up,0
41439,Rory Pouros,1940-04-02,1986-05-11,46,M,ASY,110,202,0,Normal,150,Y,0.0,Flat,1
330276,Vinnie Marks,1949-04-03,2005-05-12,56,M,ASY,170,388,0,ST,122,Y,2.0,Flat,1
476495,Suzanne Stehr Jr.,1905-08-07,1961-09-17,56,M,ASY,150,230,0,ST,124,Y,1.5,Flat,1
997824,Myron Emard Sr.,1909-05-26,1970-10-01,61,F,ASY,130,294,0,ST,120,Y,1.0,Flat,0
758959,Prof. Daron Denesik,1931-03-15,1980-07-17,49,M,NAP,115,265,0,Normal,175,N,0.0,Flat,1
566502,Gisele Walker,1916-12-17,1960-04-18,43,F,ATA,120,215,0,ST,175,N,0.0,Up,0
443596,Anderson Lemke,1912-04-21,1951-08-23,39,M,ATA,120,241,0,ST,146,N,2.0,Up,0
704126,Dawne Krajcik,1930-12-21,1984-12-29,54,M,ASY,140,166,0,Normal,118,Y,0.0,Flat,1
34525,Sen. Major Braun,1947-08-29,1990-10-02,43,M,ASY,150,247,0,Normal,130,Y,2.0,Flat,1
565745,Prince Lakin,1942-10-01,1994-12-04,52,M,ASY,160,331,0,Normal,94,Y,2.5,Flat,1
226014,Neely Lakin,1960-10-07,2010-11-13,50,M,ASY,140,341,0,ST,125,Y,2.5,Flat,1
189076,Sheldon Skiles,1944-07-07,1991-08-14,47,M,ASY,160,291,0,ST,158,Y,3.0,Flat,1
765390,Myrna Wiegand,1943-03-31,1996-04-01,53,M,ASY,140,243,0,Normal,155,N,0.0,Up,0
885649,John Spencer,1947-03-21,2003-04-22,56,F,ATA,120,279,0,Normal,150,N,1.0,Flat,1
634034,Heriberto Crist Jr.,1955-03-22,1994-06-25,39,M,ASY,110,273,0,Normal,132,N,0.0,Up,0
345132,Teofila Gutkowski,1923-06-22,1965-06-30,42,M,ATA,120,198,0,Normal,155,N,0.0,Up,0
609375,Lourdes Skiles,1929-01-31,1972-04-03,43,F,ATA,120,249,0,ST,176,N,0.0,Up,0
509950,Jacqulyn Simonis III,1934-01-29,1984-02-04,50,M,ATA,120,168,0,Normal,160,N,0.0,Up,0
163366,Dr. Daren Barton,1913-01-30,1967-05-02,54,M,ASY,130,603,1,Normal,125,Y,1.0,Flat,1
848267,Mayra Upton JD,1937-02-27,1976-06-06,39,M,ATA,130,215,0,Normal,120,N,0.0,Up,0
72311,Corrine Jacobi I,1940-01-20,1988-04-20,48,M,ATA,100,159,0,Normal,100,N,0.0,Up,0
930827,Allie Homenick DVM,1912-10-17,1953-01-17,40,M,ATA,130,275,0,Normal,150,N,0.0,Up,0
67472,Carolyne O'Kon,1933-09-09,1988-10-18,55,M,ASY,120,270,0,Normal,140,N,0.0,Up,0
644330,Rubi Wintheiser,1934-05-15,1975-05-18,41,M,ATA,120,291,0,ST,160,N,0.0,Up,0
250644,Barb Harvey,1930-12-16,1987-01-17,56,M,ASY,155,342,1,Normal,150,Y,3.0,Flat,1
208123,Fr. Kareem Kertzmann,1902-09-11,1940-11-19,38,M,ASY,110,190,0,Normal,150,Y,1.0,Flat,1
224351,Ghislaine Ondricka,1942-05-31,1991-10-08,49,M,ASY,140,185,0,Normal,130,N,0.0,Up,0
732376,Denver Lebsack,1940-02-24,1984-06-01,44,M,ASY,130,290,0,Normal,100,Y,2.0,Flat,1
922978,Chanel Rowe CPA,1942-03-02,1996-05-06,54,M,ATA,160,195,0,ST,130,N,1.0,Up,0
279789,Luther Brown,1957-09-24,2016-10-26,59,M,ASY,140,264,1,LVH,119,Y,0.0,Flat,1
571839,Peter Gleichner,1902-11-26,1951-12-31,49,M,ASY,128,212,0,Normal,96,Y,0.0,Flat,1
756552,Brock Flatley LLD,1912-07-13,1959-08-22,47,M,ATA,160,263,0,Normal,174,N,0.0,Up,0
239075,Virgen Reichel V,1903-08-31,1946-01-05,42,M,ATA,120,196,0,Normal,150,N,0.0,Up,0
670218,Deandre Roob,1950-07-24,2002-10-30,52,F,ATA,140,225,0,Normal,140,N,0.0,Up,0
706271,Alan Oberbrunner,1947-03-18,1993-06-24,46,M,TA,140,272,1,Normal,175,N,2.0,Flat,1
62636,Tennie Boehm,1906-10-23,1957-02-26,50,M,ASY,140,231,0,ST,140,Y,5.0,Flat,1
615016,Pres. Nigel O'Keefe,1918-06-29,1966-11-05,48,M,ATA,140,238,0,Normal,118,N,0.0,Up,0
762269,Don Zemlak,1941-05-11,1999-08-16,58,M,ASY,135,222,0,Normal,100,N,0.0,Up,0
486311,Hugo Effertz,1926-12-23,1985-01-01,58,M,NAP,140,179,0,Normal,160,N,0.0,Up,0
865487,Alison Bednar IV,1926-07-30,1955-09-04,29,M,ATA,120,243,0,Normal,160,N,0.0,Up,0
780107,Rep. Wai Collins,1954-06-24,1994-07-01,40,M,NAP,140,235,0,Normal,188,N,0.0,Up,0
419890,Lenny Denesik,1942-01-29,1995-03-08,53,M,ATA,140,320,0,Normal,162,N,0.0,Up,0
843603,Joey Champlin II,1919-07-29,1968-08-04,49,M,NAP,140,187,0,Normal,172,N,0.0,Up,0
750156,Paris Jaskolski VM,1933-02-12,1985-03-20,52,M,ASY,140,266,0,Normal,134,Y,2.0,Flat,1
5529,Fr. Thanh Ruecker,1914-12-27,1958-03-03,43,M,ASY,140,288,0,Normal,135,Y,2.0,Flat,1
558646,Terrance McLaughlin V,1909-10-30,1964-02-07,54,M,ASY,140,216,0,Normal,105,N,1.5,Flat,1
620414,Darrell Douglas,1920-01-29,1979-04-04,59,M,ATA,140,287,0,Normal,150,N,0.0,Up,0
228721,Doug Pfannerstill,1939-02-19,1976-04-28,37,M,NAP,130,194,0,Normal,150,N,0.0,Up,0
755480,Forrest Brekke Ret.,1919-12-14,1965-12-14,46,F,ASY,130,238,0,Normal,90,N,0.0,Up,0
759618,Sung Bernhard,1916-05-25,1968-08-31,52,M,ASY,130,225,0,Normal,120,Y,2.0,Flat,1
520494,Enda Miller,1939-12-18,1991-01-21,51,M,ATA,130,224,0,Normal,150,N,0.0,Up,0
889622,Mrs. Brenda Batz,1954-10-11,2007-02-20,52,M,ASY,140,404,0,Normal,124,Y,2.0,Flat,1
211215,Elton Hickle,1934-02-07,1980-06-13,46,M,ASY,110,238,0,ST,140,Y,1.0,Flat,0
805950,Lacy Brown,1908-07-19,1962-10-29,54,F,ATA,160,312,0,Normal,130,N,0.0,Up,0
585227,Mario Russel,1939-09-11,1998-01-19,58,M,NAP,160,211,1,ST,92,N,0.0,Flat,1
250499,Nick Parker,1918-06-16,1976-08-19,58,M,ATA,130,251,0,Normal,110,N,0.0,Up,0
782858,Amb. Arron Terry,1945-04-09,1986-05-17,41,M,ASY,120,237,1,Normal,138,Y,1.0,Flat,1
668165,Randy Hoppe,1961-11-07,2011-11-13,50,F,ASY,120,328,0,Normal,110,Y,1.0,Flat,0
135197,Clyde Lang,1940-07-17,1993-10-26,53,M,ASY,180,285,0,ST,120,Y,1.5,Flat,1
168984,Marva Bruen,1950-01-28,1996-01-28,46,M,ASY,180,280,0,ST,120,N,0.0,Up,0
439084,Marcene Torphy,1903-07-04,1953-08-14,50,M,ATA,170,209,0,ST,116,N,0.0,Up,0
410900,James Cormier,,2049-03-02,48,M,ATA,130,245,0,Normal,160,N,0.0,Up,0
654315,Keneth Ward,1942-08-03,1987-10-04,45,M,NAP,135,192,0,Normal,110,N,0.0,Up,0
605675,Emile Adams,1905-06-16,1946-09-16,41,F,ATA,125,184,0,Normal,180,N,0.0,Up,0
380933,Miss Agustin Daugherty,1923-05-21,1985-06-25,62,F,TA,160,193,0,Normal,116,N,0.0,Up,0
747063,Amb. Sumiko Carroll,1946-09-11,1995-09-18,49,M,ASY,120,297,0,Normal,132,N,1.0,Flat,0
778073,Robin Zemlak,1958-08-22,2000-10-23,42,M,ATA,150,268,0,Normal,136,N,0.0,Up,0
551138,Wilda Luettgen,1951-02-16,2004-03-18,53,M,ASY,120,246,0,Normal,116,Y,0.0,Flat,1
95976,Lynette Raynor,1941-01-31,1998-05-02,57,F,TA,130,308,0,Normal,98,N,1.0,Flat,0
910464,Ambrose Bayer,1945-12-24,1993-03-27,47,M,TA,110,249,0,Normal,150,N,0.0,Up,0
203548,Ailene Wolf,1920-03-25,1966-04-30,46,M,NAP,120,230,0,Normal,150,N,0.0,Up,0
474806,Amb. Wilford Schoen,1935-01-04,1977-01-14,42,M,NAP,160,147,0,Normal,146,N,0.0,Up,0
750661,Nathaniel Dibbert,1959-11-01,1990-12-03,31,F,ATA,100,219,0,ST,150,N,0.0,Up,0
22172,Pres. Myrle Langosh,1926-11-13,1983-02-22,56,M,ATA,130,184,0,Normal,100,N,0.0,Up,0
463414,Wyatt Osinski,1902-04-25,1952-08-27,50,M,ASY,150,215,0,Normal,140,Y,0.0,Up,0
48435,Amiee Streich,1946-06-23,1981-10-23,35,M,ATA,120,308,0,LVH,180,N,0.0,Up,0
832649,Mrs. Kristeen Zieme,1932-07-24,1967-10-30,35,M,ATA,110,257,0,Normal,140,N,0.0,Flat,1
804182,Claud Bosco,1915-08-21,1943-08-30,28,M,ATA,130,132,0,LVH,185,N,0.0,Up,0
526769,Justin Fadel,1935-10-30,1989-11-07,54,M,ASY,125,216,0,Normal,140,N,0.0,Flat,1
51057,Lovella Thompson,1917-03-14,1965-07-20,48,M,ASY,106,263,1,Normal,110,N,0.0,Flat,1
179605,Amelia Gutmann,1927-03-22,1977-07-01,50,F,NAP,140,288,0,Normal,140,Y,0.0,Flat,1
400251,Marguerite Mayer Esq.,1908-04-16,1964-08-21,56,M,NAP,130,276,0,Normal,128,Y,1.0,Up,0
846185,Rema Tromp,1926-09-25,1983-01-28,56,F,NAP,130,219,0,ST,164,N,0.0,Up,0
290547,Pres. Roxane Hayes,1903-01-19,1950-02-28,47,M,ASY,150,226,0,Normal,98,Y,1.5,Flat,1
648959,Linwood Gislason,1931-11-27,1962-03-04,30,F,TA,170,237,0,ST,170,N,0.0,Up,0
862820,Noah Johnson,1932-08-15,1971-11-15,39,M,ASY,110,280,0,Normal,150,N,0.0,Flat,1
788633,Edward Kris,1931-03-20,1985-03-29,54,M,NAP,120,217,0,Normal,137,N,0.0,Up,0
894941,Kathy Olson,1956-11-26,2011-12-27,55,M,ATA,140,196,0,Normal,150,N,0.0,Up,0
377283,Suzan Pfeffer,1942-08-14,1971-12-20,29,M,ATA,140,263,0,Normal,170,N,0.0,Up,0
709370,Giuseppe Haley LLD,1933-11-07,1980-02-16,46,M,ASY,130,222,0,Normal,112,N,0.0,Flat,1
353084,Tyson Gleichner,1928-06-20,1979-09-29,51,F,ASY,160,303,0,Normal,150,Y,1.0,Flat,1
622821,Amb. Zaida Yost,1948-06-20,1996-10-27,48,F,NAP,120,195,0,Normal,125,N,0.0,Up,0
984685,Ozzie Wisozk,1912-06-19,1945-09-28,33,M,NAP,120,298,0,Normal,185,N,0.0,Up,0
529880,Man Casper,1917-10-29,1972-11-06,55,M,ATA,120,256,1,Normal,137,N,0.0,Up,0
345799,Enoch Walker,1911-03-31,1961-07-08,50,M,ASY,145,264,0,Normal,150,N,0.0,Flat,1
196925,Faye Kuphal,1958-03-09,2011-06-12,53,M,NAP,120,195,0,Normal,140,N,0.0,Up,0
664591,Jay Wuckert,1908-09-20,1946-11-25,38,M,ASY,92,117,0,Normal,134,Y,2.5,Flat,1
3837,Rich Bernier PhD,1954-11-24,1996-02-03,41,M,ATA,120,295,0,Normal,170,N,0.0,Up,0
501083,Amb. Antonia Hermann,1934-10-31,1972-01-10,37,F,ASY,130,173,0,ST,184,N,0.0,Up,0
407470,Sage Beier,1934-10-08,1972-01-11,37,M,ASY,130,315,0,Normal,158,N,0.0,Up,0
463484,Tessa Mohr,1957-11-02,1998-03-04,40,M,NAP,130,281,0,Normal,167,N,0.0,Up,0
664420,Cyndy Beatty,1934-02-02,1972-05-02,38,F,ATA,120,275,0,Normal,129,N,0.0,Up,0
725536,Tonie McDermott,1928-04-14,1969-06-17,41,M,ASY,112,250,0,Normal,142,N,0.0,Up,0
661410,Creola Donnelly,1904-06-18,1958-06-23,54,F,ATA,140,309,0,ST,140,N,0.0,Up,0
53319,Ellis Cartwright,1929-07-17,1968-11-18,39,M,ATA,120,200,0,Normal,160,Y,1.0,Flat,0
841944,Emil Fisher Esq.,1908-10-10,1949-10-16,41,M,ASY,120,336,0,Normal,118,Y,3.0,Flat,1
896040,Arlyne Graham,1967-01-13,2022-03-15,55,M,TA,140,295,0,Normal,136,N,0.0,Flat,1
489262,Natacha Howell,1936-07-01,1984-08-09,48,M,ASY,160,355,0,Normal,99,Y,2.0,Flat,1
756603,Riley Okuneva,1942-08-19,1990-08-20,48,M,ASY,160,193,0,Normal,102,Y,3.0,Flat,1
350138,Newton Steuber,1919-06-25,1974-06-28,55,M,ATA,145,326,0,Normal,155,N,0.0,Up,0
924529,Sade Weber,1926-02-16,1980-04-16,54,M,ASY,200,198,0,Normal,142,Y,2.0,Flat,1
118225,Vivien Lebsack,1914-02-20,1969-04-23,55,M,ATA,160,292,1,Normal,143,Y,2.0,Flat,1
51214,Edmund Keeling,1946-07-13,1989-09-15,43,F,ATA,120,266,0,Normal,118,N,0.0,Up,0
564660,Berry Rippin,1908-01-19,1956-01-23,48,M,ASY,160,268,0,Normal,103,Y,1.0,Flat,1
940264,Osvaldo Schimmel,1946-10-12,2000-11-20,54,M,TA,120,171,0,Normal,137,N,2.0,Up,0
704529,Gonzalo Ullrich,1947-08-20,2001-10-23,54,M,NAP,120,237,0,Normal,150,Y,1.5,Flat,1
413969,Jesus Botsford,1948-11-03,1997-01-11,48,M,ASY,122,275,1,ST,150,Y,2.0,Down,1
449487,Rufus Ward,1957-03-21,2002-05-29,45,M,ASY,130,219,0,ST,130,Y,1.0,Flat,1
115459,Elden Gutmann DVM,1957-01-26,2006-01-26,49,M,ASY,130,341,0,Normal,120,Y,1.0,Flat,1
263933,Orlando Brekke,1923-05-16,1967-06-23,44,M,ASY,135,491,0,Normal,135,N,0.0,Flat,1
220028,Francisco Ondricka,1956-01-15,2004-01-15,48,M,ASY,120,260,0,Normal,115,N,2.0,Flat,1
244371,Mrs. Shelby Gulgowski,1938-06-21,1999-10-01,61,M,ASY,125,292,0,ST,115,Y,0.0,Up,0
834975,Natalia Nader,1939-05-30,2001-06-30,62,M,ATA,140,271,0,Normal,152,N,1.0,Up,0
979846,Jame Parker,1947-04-18,2002-07-27,55,M,ASY,145,248,0,Normal,96,Y,2.0,Flat,1
561450,Milton Considine,1941-09-30,1994-10-30,53,F,NAP,120,274,0,Normal,130,N,0.0,Up,0
846038,Leonore Kohler,1932-04-11,1987-06-18,55,F,ATA,130,394,0,LVH,150,N,0.0,Up,0
646519,Keven Keebler,1919-04-29,1955-05-30,36,M,NAP,150,160,0,Normal,172,N,0.0,Up,0
362011,Junior Haley,1964-08-05,2015-12-14,51,F,NAP,150,200,0,Normal,120,N,0.5,Up,0
468520,Bart Klocko,1911-11-29,1967-04-05,55,F,ATA,122,320,0,Normal,155,N,0.0,Up,0
442869,Maegan DuBuque,1964-12-03,2011-01-05,46,M,ATA,140,275,0,Normal,165,Y,0.0,Up,0
31754,Loreta Price,1932-05-02,1986-08-07,54,F,ATA,120,221,0,Normal,138,N,1.0,Up,0
934724,Deangelo Johns,1954-11-21,2001-03-28,46,M,ASY,120,231,0,Normal,115,Y,0.0,Flat,1
888494,Hollis Gutkowski DDS,1909-04-18,1968-07-21,59,M,ASY,130,126,0,Normal,125,N,0.0,Flat,1
317878,Kareem Conn,1929-08-30,1976-08-30,47,M,NAP,140,193,0,Normal,145,Y,1.0,Flat,1
270282,Ben Bruen,1946-02-22,2000-05-27,54,M,ATA,160,305,0,Normal,175,N,0.0,Up,0
728956,Rolando Rempel,1902-02-27,1954-04-06,52,M,ASY,130,298,0,Normal,110,Y,1.0,Flat,1
288197,Wilbert Kassulke,1945-10-12,1979-11-16,34,M,ATA,98,220,0,Normal,150,N,0.0,Up,0
150429,Zachary Rau,1912-05-24,1966-08-30,54,M,ASY,130,242,0,Normal,91,Y,1.0,Flat,1
808626,Lemuel Hilpert,1933-12-08,1981-02-12,47,F,NAP,130,235,0,Normal,145,N,2.0,Flat,0
659708,Stephaine Halvorson,1939-05-06,1984-08-09,45,M,ASY,120,225,0,Normal,140,N,0.0,Up,0
360925,Anibal Swaniawski,1908-07-14,1940-09-22,32,F,ATA,105,198,0,Normal,165,N,0.0,Up,0
1744,Dion Buckridge,1939-08-24,1994-09-29,55,M,ASY,140,201,0,Normal,130,Y,3.0,Flat,1
36002,Rep. Natasha Dickinson,1912-08-23,1967-12-02,55,M,NAP,120,220,0,LVH,134,N,0.0,Up,0
319278,Abby Quitzon,1946-03-29,1991-06-06,45,F,ATA,180,295,0,Normal,180,N,0.0,Up,0
986729,Donte West,1934-07-28,1993-07-29,59,M,NAP,180,213,0,Normal,100,N,0.0,Up,0
505128,Lorina Schaden,1950-12-03,2002-01-11,51,M,NAP,135,160,0,Normal,150,N,2.0,Flat,1
270083,Lexie Becker,1937-05-11,1989-09-14,52,M,ASY,170,223,0,Normal,126,Y,1.5,Flat,1
681105,Christia McClure,1959-07-04,2016-08-04,57,F,ASY,180,347,0,ST,126,Y,0.8,Flat,0
399591,Mose Kassulke,1923-02-14,1977-04-14,54,F,ATA,130,253,0,ST,155,N,0.0,Up,0
817518,Rosamond Conn,1956-03-09,2016-04-13,60,M,NAP,120,246,0,LVH,135,N,0.0,Up,0
965239,Parker Hagenes,1922-04-28,1971-08-30,49,M,ASY,150,222,0,Normal,122,N,2.0,Flat,1
543513,Romaine Moore,1937-11-10,1989-02-15,51,F,NAP,130,220,0,Normal,160,Y,2.0,Up,0
50152,Dean Dickinson,1953-09-22,2008-11-24,55,F,ATA,110,344,0,ST,160,N,0.0,Up,0
102468,Amb. Gregory Reichel,1918-08-18,1960-12-26,42,M,ASY,140,358,0,Normal,170,N,0.0,Up,0
763333,Carey Carter,1941-02-23,1992-06-28,51,F,NAP,110,190,0,Normal,120,N,0.0,Up,0
314526,Hiedi Turcotte,1908-05-29,1967-07-29,59,M,ASY,140,169,0,Normal,140,N,0.0,Up,0
58131,Leeanne Sanford,1959-04-16,2012-05-17,53,M,ATA,120,181,0,Normal,132,N,0.0,Up,0
109000,Twyla Crooks,1956-07-16,2004-08-18,48,F,ATA,133,308,0,ST,156,N,2.0,Up,0
124328,Marion Dibbert,1958-06-18,1994-10-20,36,M,ATA,120,166,0,Normal,180,N,0.0,Up,0
820912,Irwin Fisher Esq.,1909-06-23,1957-09-26,48,M,NAP,110,211,0,Normal,138,N,0.0,Up,0
716976,Sydney Lang,1953-05-22,2000-05-23,47,F,ATA,140,257,0,Normal,135,N,1.0,Up,0
978594,Mrs. Stacy Buckridge,1933-09-18,1987-01-23,53,M,ASY,130,182,0,Normal,148,N,0.0,Up,0
482385,Darwin Thiel,1952-05-02,2017-09-12,65,M,ASY,115,0,0,Normal,93,Y,0.0,Flat,1
946846,Shaun Cartwright,1912-04-18,1944-08-28,32,M,TA,95,0,1,Normal,127,N,0.7,Up,1
525203,Marketta Boehm,1906-10-31,1967-11-08,61,M,ASY,105,0,1,Normal,110,Y,1.5,Up,1
971683,Tanner Krajcik,1945-07-18,1995-08-20,50,M,ASY,145,0,1,Normal,139,Y,0.7,Flat,1
709901,Amb. Zane Cruickshank,1903-04-22,1960-06-28,57,M,ASY,110,0,1,ST,131,Y,1.4,Up,1
677701,Amado Walter,1927-05-31,1978-08-09,51,M,ASY,110,0,1,Normal,92,N,0.0,Flat,1
916918,Nickolas Weimann,1941-10-23,1989-02-25,47,M,ASY,110,0,1,ST,149,N,2.1,Up,1
434465,Jacques Kozey,1945-07-17,2005-11-20,60,M,ASY,160,0,1,Normal,149,N,0.4,Flat,1
615157,Gilberto Balistreri,1941-03-25,1996-04-25,55,M,ATA,140,0,0,ST,150,N,0.2,Up,0
475231,Chantell Padberg,1928-01-16,1981-05-22,53,M,ASY,125,0,1,Normal,120,N,1.5,Up,1
732150,Onie Dickinson MD,1944-03-16,2006-03-23,62,F,ASY,120,0,1,ST,123,Y,1.7,Down,1
5797,Denny Leffler,1936-02-10,1987-03-10,51,M,ASY,95,0,1,Normal,126,N,2.2,Flat,1
579690,Lenny Prosacco,1938-09-09,1989-11-14,51,F,ASY,120,0,1,Normal,127,Y,1.5,Up,1
452141,Barabara Sporer,1940-01-27,1995-01-27,55,M,ASY,115,0,1,Normal,155,N,0.1,Flat,1
983504,Crystal Douglas,1936-10-30,1990-01-04,53,M,ATA,130,0,0,ST,120,N,0.7,Down,0
15497,Sen. Jan Mohr,1909-10-25,1968-01-02,58,M,ASY,115,0,1,Normal,138,N,0.5,Up,1
909425,Emory Schuppe,1953-11-14,2010-11-18,57,M,ASY,95,0,1,Normal,182,N,0.7,Down,1
852900,Diana Christiansen,1907-10-25,1973-02-01,65,M,ASY,155,0,0,Normal,154,N,1.0,Up,0
302118,Gov. Sachiko Hand,1928-09-18,1988-12-23,60,M,ASY,125,0,1,Normal,110,N,0.1,Up,1
237677,Celinda Shanahan,1903-05-14,1944-05-14,41,M,ASY,125,0,1,Normal,176,N,1.6,Up,1
311496,Heath Graham,1949-08-08,1983-09-12,34,M,ASY,115,0,1,Normal,154,N,0.2,Up,1
976566,Becky Denesik,1905-07-24,1958-07-24,53,M,ASY,80,0,0,Normal,141,Y,2.0,Down,0
245755,Sen. Nia Smith,1966-05-26,2040-09-04,74,M,ATA,145,0,1,ST,123,N,1.3,Up,1
246349,Tennie Muller,1931-02-28,1988-03-01,57,M,NAP,105,0,1,Normal,148,N,0.3,Flat,1
113296,Darell Nader,1931-01-24,1987-02-28,56,M,ASY,140,0,1,Normal,121,Y,1.8,Up,1
126681,Msgr. Winifred Murray,1911-03-17,1972-04-23,61,M,ASY,130,0,1,Normal,77,N,2.5,Flat,1
68352,Gov. Benny Stoltenberg,1917-04-19,1985-07-21,68,M,ASY,145,0,1,Normal,136,N,1.8,Up,1
625249,Odell Carroll,1952-01-30,2011-03-04,59,M,NAP,125,0,1,Normal,175,N,2.6,Flat,1
451622,Dori Fay,1906-08-28,1969-08-29,63,M,ASY,100,0,1,Normal,109,N,-0.9,Flat,1
143918,Mark Greenholt Esq.,1904-01-26,1942-06-05,38,F,ASY,105,0,1,Normal,166,N,2.8,Up,1
817701,Miss Roselia Carter,1952-03-08,2014-03-18,62,M,ASY,115,0,1,Normal,128,Y,2.5,Down,1
829803,Kieth Schowalter,1945-06-18,1991-09-28,46,M,ASY,100,0,1,ST,133,N,-2.6,Flat,1
372982,Magdalena Parisian,1932-01-03,1974-02-03,42,M,ASY,105,0,1,Normal,128,Y,-1.5,Down,1
702061,Ronnie Kautzer,1914-08-29,1960-01-02,45,M,NAP,110,0,0,Normal,138,N,-0.1,Up,0
751587,Ted Crist,1927-04-14,1986-08-23,59,M,ASY,125,0,1,Normal,119,Y,0.9,Up,1
855186,Rev. Charlott Cummerata,1959-08-29,2011-12-31,52,M,ASY,95,0,1,Normal,82,Y,0.8,Flat,1
551684,Prof. Chae Zemlak,1936-08-15,1996-12-21,60,M,ASY,130,0,1,ST,130,Y,1.1,Down,1
582850,Alvaro Feest,1932-09-10,1992-11-18,60,M,NAP,115,0,1,Normal,143,N,2.4,Up,1
456506,Brittney Maggio,1913-09-24,1970-02-01,56,M,ASY,115,0,1,ST,82,N,-1.0,Up,1
731610,Thad Morar,1939-06-08,1977-06-17,38,M,NAP,100,0,0,Normal,179,N,-1.1,Up,0
735664,Jerry Gusikowski,1916-10-31,1956-11-09,40,M,ASY,95,0,1,ST,144,N,0.0,Up,1
641494,Rev. Asley Schinner,1913-02-16,1964-03-25,51,M,ASY,130,0,1,Normal,170,N,-0.7,Up,1
454355,Sheron O'Keefe,1952-10-27,2014-11-28,62,M,TA,120,0,1,LVH,134,N,-0.8,Flat,1
946045,Winfred Mohr,1927-01-24,1999-04-02,72,M,NAP,160,0,0,LVH,114,N,1.6,Flat,0
660145,Shenna Heidenreich,1903-11-07,1967-02-09,63,M,ASY,150,0,1,ST,154,N,3.7,Up,1
779934,Dannette Gleichner,1941-07-05,2004-09-07,63,M,ASY,140,0,1,LVH,149,N,2.0,Up,1
579284,Morgan Hodkiewicz,1943-06-07,2007-10-11,64,F,ASY,95,0,1,Normal,145,N,1.1,Down,1
984462,Victor Greenholt Sr.,1940-01-30,1983-04-07,43,M,ASY,100,0,1,Normal,122,N,1.5,Down,1
406483,Marcelo Nolan,1932-01-26,1996-05-05,64,M,ASY,110,0,1,Normal,114,Y,1.3,Down,1
783190,Elizabet Stokes VM,1934-09-11,1995-12-15,61,M,ASY,110,0,1,Normal,113,N,1.4,Flat,1
278067,Santos Spinka,1935-06-10,1987-10-15,52,M,ASY,130,0,1,Normal,120,N,0.0,Flat,1
716287,Cedrick Cormier,1937-05-05,1988-07-10,51,M,ASY,120,0,1,Normal,104,N,0.0,Flat,1
689061,Alfred Gorczany VM,1948-03-05,2017-04-11,69,M,ASY,135,0,0,Normal,130,N,0.0,Flat,1
46964,Odell Haag PhD,1934-05-31,1993-08-06,59,M,ASY,120,0,0,Normal,115,N,0.0,Flat,1
462051,Alise Wolf,1917-05-28,1965-07-03,48,M,ASY,115,0,1,Normal,128,N,0.0,Flat,1
512451,Armando Romaguera,1925-05-27,1994-08-29,69,M,ASY,137,0,0,ST,104,Y,1.6,Flat,1
684281,Yvone Monahan,1948-11-26,1985-02-04,36,M,ASY,110,0,1,Normal,125,Y,1.0,Flat,1
805083,Prof. Susann Schinner,1951-01-23,2004-04-29,53,M,ASY,120,0,1,Normal,120,N,0.0,Flat,1
668443,Ms. Emory Lueilwitz,1941-03-02,1984-04-10,43,M,ASY,140,0,0,ST,140,Y,0.5,Up,1
208002,Lionel Gibson,1907-04-24,1963-09-02,56,M,ASY,120,0,0,ST,100,Y,-1.0,Down,1
962541,Mardell Gulgowski IV,1906-11-26,1965-01-31,58,M,ASY,130,0,0,ST,100,Y,1.0,Flat,1
163299,Alfredo Larson III,1938-10-07,1993-12-14,55,M,ASY,120,0,0,ST,92,N,0.3,Up,1
772342,Wilbur Jacobi,1933-11-16,2001-01-26,67,M,TA,145,0,0,LVH,125,N,0.0,Flat,1
847629,Msgr. Gerardo Runte,1927-08-28,1973-12-01,46,M,ASY,115,0,0,Normal,113,Y,1.5,Flat,1
454546,Mitchell Medhurst,1959-10-02,2013-01-04,53,M,ATA,120,0,0,Normal,95,N,0.0,Flat,1
491841,Kirstie Goyette,1954-10-25,1993-02-27,38,M,NAP,115,0,0,Normal,128,Y,0.0,Flat,1
87657,Stacey Skiles,1901-01-26,1954-05-27,53,M,NAP,105,0,0,Normal,115,N,0.0,Flat,1
175911,Victor Zieme,1927-07-16,1989-07-16,62,M,NAP,160,0,0,Normal,72,Y,0.0,Flat,1
503957,Mr. Anissa Muller,1952-11-18,2000-01-20,47,M,ASY,160,0,0,Normal,124,Y,0.0,Flat,1
402227,Luetta Daugherty,1936-04-15,1992-08-25,56,M,NAP,155,0,0,ST,99,N,0.0,Flat,1
18918,Cayla Hettinger,1959-11-28,2016-01-30,56,M,ASY,120,0,0,ST,148,N,0.0,Flat,1
942220,Gale Romaguera,1917-02-19,1973-06-22,56,M,NAP,120,0,0,Normal,97,N,0.0,Flat,0
138869,Ms. Mitchell Stehr,1947-10-01,2011-12-05,64,F,ASY,200,0,0,Normal,140,Y,1.0,Flat,1
153886,Joleen Howe,1912-10-31,1974-01-06,61,M,ASY,150,0,0,Normal,117,Y,2.0,Flat,1
839388,Thurman Heaney III,1942-01-30,2010-01-30,68,M,ASY,135,0,0,ST,120,Y,0.0,Up,1
861519,Milda Skiles JD,1912-04-24,1969-06-02,57,M,ASY,140,0,0,Normal,120,Y,2.0,Flat,1
885736,Robin Schultz,1926-06-24,1989-10-25,63,M,ASY,150,0,0,Normal,86,Y,2.0,Flat,1
748014,Pedro Hintz,1917-10-17,1978-02-18,60,M,ASY,135,0,0,Normal,63,Y,0.5,Up,1
772610,Danyelle Tromp,1932-09-10,1999-01-11,66,M,ASY,150,0,0,Normal,108,Y,2.0,Flat,1
189333,Violeta Harvey,1929-10-16,1992-11-24,63,M,ASY,185,0,0,Normal,98,Y,0.0,Up,1
574796,Malorie Pollich,1937-08-28,1996-09-28,59,M,ASY,135,0,0,Normal,115,Y,1.0,Flat,1
351996,Pilar Hirthe,1947-10-24,2009-03-03,61,M,ASY,125,0,0,Normal,105,Y,0.0,Down,1
150197,Heath Paucek,1955-04-04,2028-05-07,73,F,NAP,160,0,0,ST,121,N,0.0,Up,1
488218,Melinda Kiehn,1938-08-08,1985-08-13,47,M,NAP,155,0,0,Normal,118,Y,1.0,Flat,1
963995,Sen. Reid Lowe,1946-11-05,2012-01-10,65,M,ASY,160,0,1,ST,122,N,1.2,Flat,1
859097,Louie Donnelly,1926-02-15,1996-06-17,70,M,ASY,140,0,1,Normal,157,Y,2.0,Flat,1
805542,Arden Johnston,1935-03-01,1985-05-10,50,M,ASY,120,0,0,ST,156,Y,0.0,Up,1
173297,Trinidad Schoen,1919-05-23,1979-05-25,60,M,ASY,160,0,0,ST,99,Y,0.5,Flat,1
122061,Amb. Hayden Glover,1938-07-06,1988-09-09,50,M,ASY,115,0,0,Normal,120,Y,0.5,Flat,1
61608,Flo Bednar,1915-10-24,1958-11-27,43,M,ASY,115,0,0,Normal,145,Y,2.0,Flat,1
523284,Mr. Wava Wintheiser,1952-12-16,1991-02-22,38,F,ASY,110,0,0,Normal,156,N,0.0,Flat,1
361514,Pres. Classie Cummerata,1948-08-22,2002-08-29,54,M,ASY,120,0,0,Normal,155,N,0.0,Flat,1
992152,Donny Glover,1945-11-03,2007-03-11,61,M,ASY,150,0,0,Normal,105,Y,0.0,Flat,1
755038,Leigha Rippin,1903-11-27,1946-03-01,42,M,ASY,145,0,0,Normal,99,Y,0.0,Flat,1
652130,Dr. Chet Lind,1939-12-06,1993-03-15,53,M,ASY,130,0,0,LVH,135,Y,1.0,Flat,1
19362,Sen. Lanelle Hayes,1958-09-15,2013-10-24,55,M,ASY,140,0,0,Normal,83,N,0.0,Flat,1
629200,Pres. Jeannetta Bauch,1939-06-15,2000-08-19,61,M,ASY,160,0,1,ST,145,N,1.0,Flat,1
266722,Ike Kiehn,1933-09-01,1985-01-11,51,M,ASY,140,0,0,Normal,60,N,0.0,Flat,1
958749,Andres Koch,1941-05-26,2011-10-02,70,M,ASY,115,0,0,ST,92,Y,0.0,Flat,1
775659,Niki Heathcote CPA,1948-03-02,2009-04-05,61,M,ASY,130,0,0,LVH,115,N,0.0,Flat,1
284505,Lucy Howell,1903-01-26,1941-04-04,38,M,ASY,150,0,1,Normal,120,Y,0.7,Flat,1
333037,Waylon Rosenbaum,1923-02-16,1980-05-17,57,M,ASY,160,0,1,Normal,98,Y,2.0,Flat,1
374899,Ligia Kreiger,1943-03-30,1981-06-01,38,M,ASY,135,0,1,Normal,150,N,0.0,Flat,1
572923,Elmo Bechtelar LLD,1927-02-19,1989-05-29,62,F,TA,140,0,1,Normal,143,N,0.0,Flat,1
96867,Ashley Hermiston,1911-06-19,1969-07-28,58,M,ASY,170,0,1,ST,105,Y,0.0,Flat,1
237594,Amb. George Parker,1913-09-15,1966-01-15,52,M,ASY,165,0,1,Normal,122,Y,1.0,Up,1
343779,Dorsey Turcotte,1904-06-26,1965-09-29,61,M,NAP,200,0,1,ST,70,N,0.0,Flat,1
264164,Emely Streich,1909-07-18,1959-09-22,50,F,ASY,160,0,1,Normal,110,N,0.0,Flat,1
701646,Earnest Moen,1930-04-21,1981-04-27,51,M,ASY,130,0,1,ST,163,N,0.0,Flat,1
694280,Amb. Murray Dach,1936-02-01,2001-05-07,65,M,ASY,145,0,1,ST,67,N,0.7,Flat,1
848191,Mirna Wolff,1936-11-28,1989-02-02,52,M,ASY,135,0,1,Normal,128,Y,2.0,Flat,1
442948,Melva Hand,1927-05-16,1974-06-23,47,M,NAP,110,0,1,Normal,120,Y,0.0,Flat,1
449471,Oretha Stoltenberg,1925-06-19,1960-10-21,35,M,ASY,120,0,1,Normal,130,Y,1.2,Flat,1
181148,Elza Greenholt,1964-01-11,2021-05-13,57,M,ASY,140,0,1,Normal,100,Y,0.0,Flat,1
518567,Fermin Klocko III,1953-07-07,2015-08-07,62,M,ASY,115,0,1,Normal,72,Y,-0.5,Flat,1
718014,Elizabet Stehr,1917-02-19,1976-02-22,59,M,ASY,110,0,1,Normal,94,N,0.0,Flat,1
878545,Fr. Ivonne Wuckert,1913-07-25,1966-09-27,53,M,NAP,160,0,1,LVH,122,Y,0.0,Flat,1
125976,Georgianne Douglas,1939-08-13,2001-09-17,62,M,ASY,150,0,1,ST,78,N,2.0,Flat,1
609116,Lacy DuBuque,1940-03-08,1994-04-10,54,M,ASY,180,0,1,Normal,150,N,1.5,Flat,1
760668,Fr. Shirley Howell,1933-11-29,1990-03-02,56,M,ASY,125,0,1,Normal,103,Y,1.0,Flat,1
160936,Bettie Lindgren,1949-05-24,2005-08-24,56,M,NAP,125,0,1,Normal,98,N,-2.0,Flat,1
111057,Addie Sipes,1942-08-20,1996-08-25,54,M,ASY,130,0,1,Normal,110,Y,3.0,Flat,1
178420,Lance Wilderman,1936-04-16,2002-05-19,66,F,ASY,155,0,1,Normal,90,N,0.0,Flat,1
76831,Emerson Schiller LLD,1928-04-30,1991-07-02,63,M,ASY,140,260,0,ST,112,Y,3.0,Flat,1
242971,Danica Macejkovic,1942-11-16,1987-03-26,44,M,ASY,130,209,0,ST,127,N,0.0,Up,0
276792,Johnathon Beatty,1925-09-17,1985-09-22,60,M,ASY,132,218,0,ST,140,Y,1.5,Down,1
278302,Pres. Liliana Hills,1933-05-18,1988-09-19,55,M,ASY,142,228,0,ST,149,Y,2.5,Up,1
549937,Prof. Shu Harber,1935-02-01,2001-06-05,66,M,NAP,110,213,1,LVH,99,Y,1.3,Flat,0
635628,Mao Buckridge,1951-09-15,2017-10-20,66,M,NAP,120,0,0,ST,120,N,-0.5,Up,0
134280,Marva Volkman,1934-11-18,1999-12-21,65,M,ASY,150,236,1,ST,105,Y,0.0,Flat,1
218384,Shon Balistreri,1949-04-17,2009-04-26,60,M,NAP,180,0,0,ST,140,Y,1.5,Flat,0
814017,Ruthe Schmitt,1954-01-08,2014-03-14,60,M,NAP,120,0,1,Normal,141,Y,2.0,Up,1
461464,Chung Stanton,1926-12-22,1986-12-24,60,M,ATA,160,267,1,ST,157,N,0.5,Flat,1
727831,Dr. Josphine Abshire,1929-08-30,1985-12-08,56,M,ATA,126,166,0,ST,140,N,0.0,Up,0
856759,Britni Terry,1905-11-15,1964-12-16,59,M,ASY,140,0,0,ST,117,Y,1.0,Flat,1
236215,Salvador Hackett,1905-09-20,1967-09-20,62,M,ASY,110,0,0,Normal,120,Y,0.5,Flat,1
952193,Clarinda Feil,1944-08-15,2007-08-21,63,M,NAP,133,0,0,LVH,120,Y,1.0,Flat,1
896262,The Hon. Maria Abshire,1941-06-21,1998-10-24,57,M,ASY,128,0,1,ST,148,Y,1.0,Flat,1
186712,Rosina Strosin,1933-08-23,1995-10-23,62,M,ASY,120,220,0,ST,86,N,0.0,Up,0
565483,Nicol Brown,1944-10-16,2007-11-24,63,M,ASY,170,177,0,Normal,84,Y,2.5,Down,1
381358,Kiera Cruickshank,1906-02-14,1952-06-21,46,M,ASY,110,236,0,Normal,125,Y,2.0,Flat,1
72755,Shad Heidenreich,1913-11-17,1977-02-27,63,M,ASY,126,0,0,ST,120,N,1.5,Down,0
422613,Bertram Rolfson,1927-05-24,1987-08-29,60,M,ASY,152,0,0,ST,118,Y,0.0,Up,0
891511,Heide Zieme DVM,1949-02-09,2007-06-09,58,M,ASY,116,0,0,Normal,124,N,1.0,Up,1
260255,Claudia Mitchell Sr.,1948-12-11,2013-03-14,64,M,ASY,120,0,1,ST,106,N,2.0,Flat,1
733869,Msgr. Carrol Parisian,1943-03-14,2006-04-23,63,M,NAP,130,0,0,ST,111,Y,0.0,Flat,1
533927,Calandra Dietrich,1926-06-24,2000-10-24,74,M,NAP,138,0,0,Normal,116,N,0.2,Up,0
880456,Breana Bosco MD,1941-03-27,1993-05-29,52,M,NAP,128,0,0,ST,180,N,3.0,Up,1
103222,Glen Rutherford III,1912-05-14,1981-09-19,69,M,ASY,130,0,1,ST,129,N,1.0,Flat,1
65579,Tari Runte,1916-11-24,1967-11-25,51,M,ASY,128,0,1,ST,125,Y,1.2,Flat,1
274273,Hyacinth Larson,1922-04-17,1982-04-19,60,M,ASY,130,186,1,ST,140,Y,0.5,Flat,1
384883,Renay Lindgren,1922-07-13,1978-11-16,56,M,ASY,120,100,0,Normal,120,Y,1.5,Flat,1
427693,Jeanmarie Kuphal,1927-07-25,1982-08-03,55,M,NAP,136,228,0,ST,124,Y,1.6,Flat,1
458486,Shay Dicki,1911-07-20,1965-07-25,54,M,ASY,130,0,0,ST,117,Y,1.4,Flat,1
481958,Betsy Ward,1933-08-15,2010-08-20,77,M,ASY,124,171,0,ST,110,Y,2.0,Up,1
835793,Eddie Kovacek,1956-03-11,2019-05-17,63,M,ASY,160,230,1,Normal,105,Y,1.0,Flat,1
647447,Sen. Melida Windler,1906-03-03,1961-05-13,55,M,NAP,0,0,0,Normal,155,N,1.5,Flat,1
711788,Terrilyn Sanford,1912-09-05,1964-09-08,52,M,NAP,122,0,0,Normal,110,Y,2.0,Down,1
997638,Prof. Numbers Kiehn,1918-01-16,1982-03-22,64,M,ASY,144,0,0,ST,122,Y,1.0,Flat,1
949180,Mallory Wintheiser,1934-09-19,1994-12-25,60,M,ASY,140,281,0,ST,118,Y,1.5,Flat,1
84096,Wanita Hirthe,1936-05-11,1996-07-18,60,M,ASY,120,0,0,Normal,133,Y,2.0,Up,0
97157,So Cummerata,1954-06-16,2012-08-19,58,M,ASY,136,203,1,Normal,123,Y,1.2,Flat,1
111532,Tawna Emard,1943-05-03,2002-05-03,59,M,ASY,154,0,0,ST,131,Y,1.5,Up,0
762618,Mr. Kori Hauck,1934-10-02,1995-11-10,61,M,NAP,120,0,0,Normal,80,Y,0.0,Flat,1
157720,Vernell Wisoky II,1917-10-30,1958-02-04,40,M,ASY,125,0,1,Normal,165,N,0.0,Flat,1
50500,Milo Zulauf,1953-10-08,2014-12-17,61,M,ASY,134,0,1,ST,86,N,1.5,Flat,1
603292,Alva Huel V,1911-03-17,1952-07-26,41,M,ASY,104,0,0,ST,111,N,0.0,Up,0
323180,Alberto Bednar,1911-12-22,1969-04-25,57,M,ASY,139,277,1,ST,118,Y,1.9,Flat,1
479965,Dario Waelchi,1906-05-31,1969-06-06,63,M,ASY,136,0,0,Normal,84,Y,0.0,Flat,1
194758,Mitchell Rice,1933-02-01,1992-06-05,59,M,ASY,122,233,0,Normal,117,Y,1.3,Down,1
728808,Marvella Cassin II,1928-09-22,1979-10-23,51,M,ASY,128,0,0,Normal,107,N,0.0,Up,0
268092,Pres. Kathline Collins,1955-09-05,2014-10-13,59,M,NAP,131,0,0,Normal,128,Y,2.0,Down,1
474109,Jonathan Nienow,1916-10-23,1959-03-02,42,M,NAP,134,240,0,Normal,160,N,0.0,Up,0
8952,Kristle Goodwin Esq.,1945-11-02,2001-01-08,55,M,NAP,120,0,0,ST,125,Y,2.5,Flat,1
451826,Un Thiel,1942-03-05,2005-04-09,63,F,ATA,132,0,0,Normal,130,N,0.1,Up,0
968855,Amb. Angelo Brakus,1951-06-17,2013-06-24,62,M,ASY,152,153,0,ST,97,Y,1.6,Up,1
28465,Lawerence Bosco V,1950-04-14,2006-04-14,56,M,ATA,124,224,1,Normal,161,N,2.0,Flat,0
313466,Tim Hills,1940-03-01,1993-04-03,53,M,ASY,126,0,0,Normal,106,N,0.0,Flat,1
22560,Trinh Murphy DVM,1917-06-19,1985-09-21,68,M,ASY,138,0,0,Normal,130,Y,3.0,Flat,1
540428,Ms. Ciera Medhurst,1926-09-25,1980-01-30,53,M,ASY,154,0,1,ST,140,Y,1.5,Flat,1
822847,Annette Kuhic,1955-08-09,2015-12-09,60,M,NAP,141,316,1,ST,122,Y,1.7,Flat,1
802391,Samantha Carroll,1945-07-26,2007-11-01,62,M,ATA,131,0,0,Normal,130,N,0.1,Up,0
963730,Lory Moen,1941-04-27,2000-05-06,59,M,ASY,178,0,1,LVH,120,Y,0.0,Flat,1
869315,Josef Gorczany PhD,1930-03-25,1981-04-02,51,M,ASY,132,218,1,LVH,139,N,0.1,Up,0
877400,Masako Hayes,1922-08-18,1983-08-22,61,M,ASY,110,0,1,Normal,108,Y,2.0,Down,1
139383,Wilson Haag,1924-07-14,1981-11-14,57,M,ASY,130,311,1,ST,148,Y,2.0,Flat,1
557538,Jonas Auer,1933-04-30,1989-08-01,56,M,NAP,170,0,0,LVH,123,Y,2.5,Flat,1
828850,Sen. Karin Feeney,1923-08-15,1981-10-21,58,M,ATA,126,0,1,Normal,110,Y,2.0,Flat,1
321650,Christal Gutkowski,1941-09-30,2010-12-06,69,M,NAP,140,0,1,ST,118,N,2.5,Down,1
223721,Jamey Waelchi,1932-09-15,1999-12-16,67,M,TA,142,270,1,Normal,125,N,2.5,Up,1
944824,Lupe Stokes,1914-01-20,1972-01-22,58,M,ASY,120,0,0,LVH,106,Y,1.5,Down,1
344566,Stefan Wehner,1952-08-29,2017-10-31,65,M,ASY,134,0,0,Normal,112,Y,1.1,Flat,1
238564,Miss Alex Murray,1953-07-19,2016-11-27,63,M,ATA,139,217,1,ST,128,Y,1.2,Flat,1
11845,Dr. Lorri Goodwin,1948-05-05,2003-09-13,55,M,ATA,110,214,1,ST,180,N,0.4,Up,0
491467,Fredia Durgan,1935-06-10,1992-08-17,57,M,ASY,140,214,0,ST,144,Y,2.0,Flat,1
683845,Robert Paucek,1937-05-24,2002-08-24,65,M,TA,140,252,0,Normal,135,N,0.3,Up,0
32576,Olen Schumm,1909-06-29,1963-10-06,54,M,ASY,136,220,0,Normal,140,Y,3.0,Flat,1
412026,Lacie Raynor,1936-10-18,2008-11-20,72,M,NAP,120,214,0,Normal,102,Y,1.0,Flat,1
468582,Otilia Carter,1953-06-27,2028-08-28,75,M,ASY,170,203,1,ST,108,N,0.0,Flat,1
665386,Tomas Hirthe Ret.,1930-08-21,1979-10-22,49,M,TA,130,0,0,ST,145,N,3.0,Flat,1
494681,Antony Kuhn,1911-01-25,1962-06-02,51,M,NAP,137,339,0,Normal,127,Y,1.7,Flat,1
682245,Julio Dicki,1922-01-17,1982-05-27,60,M,ASY,142,216,0,Normal,110,Y,2.5,Flat,1
799840,Rep. Rosanne Johnston,1925-09-26,1989-12-03,64,F,ASY,142,276,0,Normal,140,Y,1.0,Flat,1
510649,Ronda Kautzer,1947-10-07,2006-01-15,58,M,ASY,132,458,1,Normal,69,N,1.0,Down,0
763412,Dr. Margeret Rempel,1952-10-18,2013-10-25,61,M,ASY,146,241,0,Normal,148,Y,3.0,Down,1
869760,Gretta Greenholt,1926-02-13,1993-06-23,67,M,ASY,160,384,1,ST,130,Y,0.0,Flat,1
298623,Jude Shanahan,1950-05-29,2012-08-01,62,M,ASY,135,297,0,Normal,130,Y,1.0,Flat,1
91930,Mallie Koch,1934-05-15,1999-09-16,65,M,ASY,136,248,0,Normal,140,Y,4.0,Down,1
599047,Dorsey Beatty,1906-05-24,1969-05-29,63,M,ASY,130,308,0,Normal,138,Y,2.0,Flat,1
796700,Ty Larson,1946-06-07,2015-09-11,69,M,ASY,140,208,0,ST,140,Y,2.0,Flat,1
493902,Keiko Swift,1931-07-16,1982-11-26,51,M,ASY,132,227,1,ST,138,N,0.2,Up,0
993484,Sheena Watsica MD,1957-09-18,2020-01-18,62,M,ASY,158,210,1,Normal,112,Y,3.0,Down,1
21485,Pablo Hilpert,1946-01-23,2001-06-01,55,M,NAP,136,245,1,ST,131,Y,1.2,Flat,1
99160,Gov. Teena Keebler,1937-11-23,2012-11-30,75,M,ASY,136,225,0,Normal,112,Y,3.0,Flat,1
687017,Mara Wilderman,1923-05-14,1963-05-23,40,M,NAP,106,240,0,Normal,80,Y,0.0,Up,0
495651,Alda Kirlin,1945-05-14,2012-06-16,67,M,ASY,120,0,1,Normal,150,N,1.5,Down,1
824726,Fr. Otis Mayert,1915-02-18,1973-02-18,58,M,ASY,110,198,0,Normal,110,N,0.0,Flat,1
395192,Rolanda Leffler Jr.,1965-06-10,2025-08-11,60,M,ASY,136,195,0,Normal,126,N,0.3,Up,0
934023,Tory Schulist,1942-03-03,2005-04-03,63,M,ASY,160,267,1,ST,88,Y,2.0,Flat,1
514908,Rupert Zemlak,1913-12-31,1949-05-06,35,M,NAP,123,161,0,ST,153,N,-0.1,Up,0
763701,Mandi Windler,1910-01-18,1972-01-24,62,M,TA,112,258,0,ST,150,Y,1.3,Flat,1
760533,Joesph Ledner,1935-11-06,1979-01-13,43,M,ASY,122,0,0,Normal,120,N,0.5,Up,1
671048,Shantay Robel,1902-08-24,1965-09-26,63,M,NAP,130,0,1,ST,160,N,3.0,Flat,0
125701,Rep. Gerardo Hoeger,1948-12-15,2017-04-16,68,M,NAP,150,195,1,Normal,132,N,0.0,Flat,1
182318,Fr. Oneida Windler,1948-12-16,2014-02-19,65,M,ASY,150,235,0,Normal,120,Y,1.5,Flat,1
887669,Frederick Sipes JD,1911-11-21,1959-12-24,48,M,NAP,102,0,1,ST,110,Y,1.0,Down,1
42780,Prof. Samual Lockman,1954-02-17,2017-03-27,63,M,ASY,96,305,0,ST,121,Y,1.0,Up,1
414607,Maryann Schamberger,1945-11-19,2010-03-24,64,M,ASY,130,223,0,ST,128,N,0.5,Flat,0
166969,Luanne Bayer,1910-01-28,1971-03-28,61,M,ASY,120,282,0,ST,135,Y,4.0,Down,1
309553,Lanelle Deckow,1941-11-28,1991-11-30,50,M,ASY,144,349,0,LVH,120,Y,1.0,Up,1
810139,Burl Fahey,1928-03-23,1987-07-24,59,M,ASY,124,160,0,Normal,117,Y,1.0,Flat,1
509761,Tia Schaefer,1943-11-04,1998-11-06,55,M,ASY,150,160,0,ST,150,N,0.0,Up,0
671883,Dominick Witting,1938-10-28,1983-12-07,45,M,NAP,130,236,0,Normal,144,N,0.1,Up,0
899010,Deangelo Lang,1923-05-15,1988-07-24,65,M,ASY,144,312,0,LVH,113,Y,1.7,Flat,1
803338,Fr. Sondra Dicki,1920-11-18,1982-02-26,61,M,ATA,139,283,0,Normal,135,N,0.3,Up,0
351704,Cordell Gerhold,1934-02-10,1983-04-10,49,M,NAP,131,142,0,Normal,127,Y,1.5,Flat,1
921913,Mervin Ankunding,1968-10-29,2041-03-01,72,M,ASY,143,211,0,Normal,109,Y,1.4,Flat,1
929657,Robin Hyatt,1945-07-06,1995-07-15,50,M,ASY,133,218,0,Normal,128,Y,1.1,Flat,1
90631,Leandro Lynch,1935-04-23,1999-04-25,64,M,ASY,143,306,1,ST,115,Y,1.8,Flat,1
129234,Ivory Lang,1917-12-31,1973-04-03,55,M,ASY,116,186,1,ST,102,N,0.0,Flat,1
903656,Mr. Lou Wyman,1903-11-12,1967-03-14,63,M,ASY,110,252,0,ST,140,Y,2.0,Flat,1
767251,Timmy Corwin Jr.,1954-08-24,2013-10-27,59,M,ASY,125,222,0,Normal,135,Y,2.5,Down,1
953349,Odell Bogan,1928-06-24,1984-09-29,56,M,ASY,130,0,0,LVH,122,Y,1.0,Flat,1
881990,Tobi Beahan,1941-10-30,2004-03-03,62,M,NAP,133,0,1,ST,119,Y,1.2,Flat,1
158742,Marnie Stanton,1939-02-07,2013-06-16,74,M,ASY,150,258,1,ST,130,Y,4.0,Down,1
780463,Lorina Ondricka,1916-06-17,1970-09-18,54,M,ASY,130,202,1,Normal,112,Y,2.0,Flat,1
10812,Dot Sanford,1954-12-27,2012-04-03,57,M,ASY,110,197,0,LVH,100,N,0.0,Up,0
613485,Marita Hoppe PhD,1938-03-07,2000-05-11,62,M,NAP,138,204,0,ST,122,Y,1.2,Flat,1
85891,Sen. Jamar Bednar,1940-05-02,2016-05-10,76,M,NAP,104,113,0,LVH,120,N,3.5,Down,1
314188,Miss Kim Casper,1921-09-28,1976-01-02,54,F,ASY,138,274,0,Normal,105,Y,1.5,Flat,1
672090,Danny King,1905-10-15,1976-01-17,70,M,ASY,170,192,0,ST,129,Y,3.0,Down,1
246314,Clarine Mayert,1963-06-27,2024-08-31,61,F,ATA,140,298,1,Normal,120,Y,0.0,Up,0
206077,Frederick Johnston,1940-04-15,1988-08-21,48,M,ASY,132,272,0,ST,139,N,0.2,Up,0
537461,Vida Spinka,1937-04-21,1985-06-23,48,M,NAP,132,220,1,ST,162,N,0.0,Flat,1
674539,Arica Goodwin,1901-08-28,1962-10-07,61,M,TA,142,200,1,ST,100,N,1.5,Down,1
325700,Lelah Kuvalis,1942-08-20,2008-11-30,66,M,ASY,112,261,0,Normal,140,N,1.5,Up,1
245607,Sen. Latia Schneider,1937-12-18,2005-12-27,68,M,TA,139,181,1,ST,135,N,0.2,Up,0
259274,Loreta Schiller Esq.,1938-01-23,1993-04-28,55,M,ASY,172,260,0,Normal,73,N,2.0,Flat,1
749185,Ignacio Beier,1944-11-07,2007-01-15,62,M,NAP,120,220,0,LVH,86,N,0.0,Up,0
955545,Graciela Hills VM,1934-10-09,2005-12-16,71,M,NAP,144,221,0,Normal,108,Y,1.8,Flat,1
340632,Martha Graham,1929-06-26,2003-08-27,74,M,TA,145,216,1,Normal,116,Y,1.8,Flat,1
547231,Ezekiel Johns,1954-05-17,2007-06-18,53,M,NAP,155,175,1,ST,160,N,0.3,Up,0
895191,Drew Jacobs,1904-09-15,1963-01-22,58,M,NAP,150,219,0,ST,118,Y,0.0,Flat,1
258548,Charles Tromp,1932-01-31,2007-03-10,75,M,ASY,160,310,1,Normal,112,Y,2.0,Down,0
214925,Ivelisse Muller,1952-05-21,2008-05-27,56,M,NAP,137,208,1,ST,122,Y,1.8,Flat,1
524747,Reginald Prosacco,1921-07-30,1979-11-30,58,M,NAP,137,232,0,ST,124,Y,1.4,Flat,1
379373,Beau Olson,1913-10-24,1977-11-25,64,M,ASY,134,273,0,Normal,102,Y,4.0,Down,1
702860,Lawrence Pagac,1911-11-19,1965-11-19,54,M,NAP,133,203,0,ST,137,N,0.2,Up,0
169047,Amberly Brown,1958-01-20,2012-05-30,54,M,ATA,132,182,0,ST,141,N,0.1,Up,0
596974,Calvin Raynor,1946-05-09,2005-07-18,59,M,ASY,140,274,0,Normal,154,Y,2.0,Flat,0
516522,Rev. Brandi Kohler,1911-07-20,1966-10-21,55,M,ASY,135,204,1,ST,126,Y,1.1,Flat,1
724789,Elden Welch,1905-08-09,1962-09-16,57,M,ASY,144,270,1,ST,160,Y,2.0,Flat,1
724798,Glenna McClure,1936-05-07,1997-05-07,61,M,ASY,141,292,0,ST,115,Y,1.7,Flat,1
136977,Msgr. Cole Luettgen,1943-08-27,1984-12-06,41,M,ASY,150,171,0,Normal,128,Y,1.5,Flat,0
604082,Azucena Schaefer Ret.,1916-03-22,1987-06-01,71,M,ASY,130,221,0,ST,115,Y,0.0,Flat,1
939350,Fredrick McDermott,1938-06-20,1976-08-29,38,M,ASY,110,289,0,Normal,105,Y,1.5,Down,1
441284,Parker Zulauf,1945-03-30,2000-08-06,55,M,ASY,158,217,0,Normal,110,Y,2.5,Flat,1
831101,Fred Johnston,1951-03-24,2007-03-25,56,M,ASY,128,223,0,ST,119,Y,2.0,Down,1
468245,Britni Skiles,1902-05-29,1971-10-01,69,M,ASY,140,110,1,Normal,109,Y,1.5,Flat,1
338577,Norene Considine,1912-05-25,1976-08-26,64,M,ASY,150,193,0,ST,135,Y,0.5,Flat,1
523803,Fr. Milissa Botsford,1926-06-30,1998-08-05,72,M,ASY,160,123,1,LVH,130,N,1.5,Flat,1
793378,Wally Kuphal,1925-06-17,1994-09-23,69,M,ASY,142,210,1,ST,112,Y,1.5,Flat,1
900448,Pres. Johnnie Mayert,1950-03-19,2006-07-25,56,M,ASY,137,282,1,Normal,126,Y,1.2,Flat,1
228532,Brendon Schaden,1934-08-13,1996-09-23,62,M,ASY,139,170,0,ST,120,Y,3.0,Flat,1
383704,Warren Rath,1941-10-02,2008-12-03,67,M,ASY,146,369,0,Normal,110,Y,1.9,Flat,1
251953,Marquetta Kozey,1951-09-23,2008-10-30,57,M,ASY,156,173,0,LVH,119,Y,3.0,Down,1
959679,Dean Wehner,1929-07-19,1998-09-27,69,M,ASY,145,289,1,ST,110,Y,1.8,Flat,1
393554,Dion Beatty V,1946-03-30,1997-04-30,51,M,ASY,131,152,1,LVH,130,Y,1.0,Flat,1
975169,Marjory Sawayn,1950-08-14,1998-11-23,48,M,ASY,140,208,0,Normal,159,Y,1.5,Up,1
616752,Soo Stokes,1923-01-21,1992-03-27,69,M,ASY,122,216,1,LVH,84,Y,0.0,Flat,1
318172,Beverly Champlin,1943-09-05,2013-01-13,69,M,NAP,142,271,0,LVH,126,N,0.3,Up,0
432503,Nilda Morissette,1915-12-30,1980-03-30,64,M,ASY,141,244,1,ST,116,Y,1.5,Flat,1
572834,Cori Bailey,1934-01-23,1991-03-23,57,M,ATA,180,285,1,ST,120,N,0.8,Flat,1
836733,Sanjuanita Homenick,1903-01-21,1956-02-22,53,M,ASY,124,243,0,Normal,122,Y,2.0,Flat,1
466376,Wiley Little,1912-08-28,1949-10-02,37,M,NAP,118,240,0,LVH,165,N,1.0,Flat,0
119497,Petrina Gibson Ret.,1947-05-09,2014-09-10,67,M,ASY,140,219,0,ST,122,Y,2.0,Flat,1
30631,Genesis Nader,1932-10-27,2006-11-28,74,M,NAP,140,237,1,Normal,94,N,0.0,Flat,1
588515,Sol Wilkinson,1917-07-26,1980-07-27,63,M,ATA,136,165,0,ST,133,N,0.2,Up,0
360349,Roland Quigley,1952-01-30,2010-03-03,58,M,ASY,100,213,0,ST,110,N,0.0,Up,0
905187,Scotty Cummings,1940-02-22,2001-04-28,61,M,ASY,190,287,1,LVH,150,Y,2.0,Down,1
993191,Tenesha Strosin,1939-12-18,2003-12-27,64,M,ASY,130,258,1,LVH,130,N,0.0,Flat,1
978633,Rana Koch,1911-06-26,1969-06-28,58,M,ASY,160,256,1,LVH,113,Y,1.0,Up,1
391532,Gino Torp,1910-03-16,1970-03-18,60,M,ASY,130,186,1,LVH,140,Y,0.5,Flat,1
217895,Magaret Okuneva,1918-05-19,1975-09-21,57,M,ASY,122,264,0,LVH,100,N,0.0,Flat,1
610598,Duane Jast,1938-01-30,1993-03-09,55,M,NAP,133,185,0,ST,136,N,0.2,Up,0
137715,Bennie Johns,1901-02-19,1956-04-21,55,M,ASY,120,226,0,LVH,127,Y,1.7,Down,1
539930,Nilda Wyman,1930-03-14,1986-03-21,56,M,ASY,130,203,1,Normal,98,N,1.5,Flat,1
670570,Abbie Casper,1908-02-26,1965-03-01,57,M,ASY,130,207,0,ST,96,Y,1.0,Flat,0
154356,Dania Hirthe,1922-07-29,1983-12-02,61,M,NAP,140,284,0,Normal,123,Y,1.3,Flat,1
50130,Alise Bergstrom,1915-10-16,1976-11-18,61,M,NAP,120,337,0,Normal,98,Y,0.0,Flat,1
897314,Van Bogan,1925-05-13,1999-08-23,74,M,ASY,155,310,0,Normal,112,Y,1.5,Down,1
421830,German Howe,1946-09-04,2014-12-04,68,M,NAP,134,254,1,Normal,151,Y,0.0,Up,0
884229,Mikaela Kulas,1912-01-18,1963-01-28,51,F,ASY,114,258,1,LVH,96,N,1.0,Up,0
328862,Miguelina Leannon MD,1930-12-17,1992-12-24,62,M,ASY,160,254,1,ST,108,Y,3.0,Flat,1
229986,Eveline Nolan,1932-04-14,1985-05-19,53,M,ASY,144,300,1,ST,128,Y,1.5,Flat,1
530545,Temeka Blick,1943-11-18,2006-03-18,62,M,ASY,158,170,0,ST,138,Y,0.0,Flat,1
753531,Felton Hilpert,1930-12-14,1977-02-19,46,M,ASY,134,310,0,Normal,126,N,0.0,Flat,1
10734,Grisel Gutkowski,1951-10-27,2005-11-29,54,F,ASY,127,333,1,ST,154,N,0.0,Flat,1
939788,Randell Turcotte DO,1910-10-28,1972-12-04,62,M,TA,135,139,0,ST,137,N,0.2,Up,0
453579,Tabatha Brekke,1951-09-14,2006-10-21,55,M,ASY,122,223,1,ST,100,N,0.0,Flat,1
215952,Eusebio Reynolds,1958-11-24,2017-04-02,58,M,ASY,140,385,1,LVH,135,N,0.3,Up,0
328185,Vikki Rempel IV,1940-12-29,2003-02-06,62,M,ATA,120,254,0,LVH,93,Y,0.0,Flat,1
732190,Erwin Marquardt,1934-01-04,2004-04-08,70,M,ASY,130,322,0,LVH,109,N,2.4,Flat,1
793692,Fermin Leuschke,1901-12-30,1969-02-08,67,F,NAP,115,564,0,LVH,160,N,1.6,Flat,0
586076,Veronique Langworth,1908-03-22,1965-05-27,57,M,ATA,124,261,0,Normal,141,N,0.3,Up,1
224333,Gertie Effertz,1929-08-31,1993-11-10,64,M,ASY,128,263,0,Normal,105,Y,0.2,Flat,0
433370,Gary Huel,1947-10-22,2021-10-29,74,F,ATA,120,269,0,LVH,121,Y,0.2,Up,0
356214,Germaine Wyman IV,1959-01-18,2024-05-25,65,M,ASY,120,177,0,Normal,140,N,0.4,Up,0
666505,Sheilah Kirlin,1942-07-06,1998-09-09,56,M,NAP,130,256,1,LVH,142,Y,0.6,Flat,1
368122,Alecia Schiller CPA,1929-08-22,1988-10-23,59,M,ASY,110,239,0,LVH,142,Y,1.2,Flat,1
359595,Miss Kelsi Cremin,1944-09-28,2004-11-05,60,M,ASY,140,293,0,LVH,170,N,1.2,Flat,1
393392,Dr. Arleen O'Hara,1944-02-20,2007-05-30,63,F,ASY,150,407,0,LVH,154,N,4.0,Flat,1
709406,Keri Smitham,1936-11-11,1995-12-15,59,M,ASY,135,234,0,Normal,161,N,0.5,Flat,0
624022,Shemika Gerlach,1939-02-01,1992-03-08,53,M,ASY,142,226,0,LVH,111,Y,0.0,Up,0
128631,Abby Ryan,1953-09-18,1997-12-23,44,M,NAP,140,235,0,LVH,180,N,0.0,Up,0
278238,Georgiann Parisian,1938-01-23,1999-01-31,61,M,TA,134,234,0,Normal,145,N,2.6,Flat,1
735821,Isadora Roob,1929-07-24,1986-11-24,57,F,ASY,128,303,0,LVH,159,N,0.0,Up,0
130350,Ayana Mraz,1953-03-05,2024-04-12,71,F,ASY,112,149,0,Normal,125,N,1.6,Flat,0
882103,Wilburn Metz,1958-08-05,2004-08-15,46,M,ASY,140,311,0,Normal,120,Y,1.8,Flat,1
532217,Jamey Shanahan,1933-10-06,1987-02-09,53,M,ASY,140,203,1,LVH,155,Y,3.1,Down,1
149028,Murray Pfeffer,1935-09-26,1999-10-03,64,M,TA,110,211,0,LVH,144,Y,1.8,Flat,0
541590,Ray Rutherford,1934-04-20,1974-07-22,40,M,TA,140,199,0,Normal,178,Y,1.4,Up,0
637719,Frank Orn,1962-09-18,2030-01-28,67,M,ASY,120,229,0,LVH,129,Y,2.6,Flat,1
360797,Brian Mann,1940-01-03,1988-04-07,48,M,ATA,130,245,0,LVH,180,N,0.2,Flat,0
271987,Shila Heidenreich V,1932-12-28,1976-04-28,43,M,ASY,115,303,0,Normal,181,N,1.2,Flat,0
30727,Gov. Roosevelt Denesik,1936-05-23,1983-05-31,47,M,ASY,112,204,0,Normal,143,N,0.1,Up,0
192729,Britany Spinka,1959-10-22,2013-10-25,54,F,ATA,132,288,1,LVH,159,Y,0.0,Up,0
892245,Salvatore Hand,1962-11-30,2011-04-08,48,F,NAP,130,275,0,Normal,139,N,0.2,Up,0
801986,Neva Hilpert,1903-10-21,1950-01-29,46,F,ASY,138,243,0,LVH,152,Y,0.0,Flat,0
884311,Rashad Padberg,1940-12-21,1992-02-29,51,F,NAP,120,295,0,LVH,157,N,0.6,Up,0
416317,Dominique McCullough,1906-02-22,1964-04-23,58,M,NAP,112,230,0,LVH,165,N,2.5,Flat,1
417106,Gertha Schowalter,1906-01-31,1977-03-05,71,F,NAP,110,265,1,LVH,130,N,0.0,Up,0
67056,Joe Gutkowski,1928-09-16,1985-09-25,57,M,NAP,128,229,0,LVH,150,N,0.4,Flat,1
353255,Dexter Collier,1926-02-24,1992-02-25,66,M,ASY,160,228,0,LVH,138,N,2.3,Up,0
581478,Prof. Meghann Reilly,1939-06-28,1976-06-30,37,F,NAP,120,215,0,Normal,170,N,0.0,Up,0
664157,Amos Sauer,1918-08-14,1977-09-24,59,M,ASY,170,326,0,LVH,140,Y,3.4,Down,1
20469,Ms. Rosalind Hoppe,1917-02-27,1967-06-27,50,M,ASY,144,200,0,LVH,126,Y,0.9,Flat,1
558219,Earlene Tromp,1957-11-14,2005-11-24,48,M,ASY,130,256,1,LVH,150,Y,0.0,Up,1
113957,Claud Crist,1936-07-20,1997-11-23,61,M,ASY,140,207,0,LVH,138,Y,1.9,Up,1
921154,William Skiles Esq.,1945-06-03,2004-08-04,59,M,TA,160,273,0,LVH,125,N,0.0,Up,1
855007,Mr. Juli Weimann,1939-08-23,1981-09-27,42,M,NAP,130,180,0,Normal,150,N,0.0,Up,0
32239,Esteban Grant,1944-12-30,1993-05-01,48,M,ASY,122,222,0,LVH,186,N,0.0,Up,0
316233,Prof. Alyssa Will,1944-08-02,1984-09-09,40,M,ASY,152,223,0,Normal,181,N,0.0,Up,1
898953,Marlana Ebert,1902-10-01,1964-12-04,62,F,ASY,124,209,0,Normal,163,N,0.0,Up,0
888163,Donte Bradtke Ret.,1928-07-19,1972-09-22,44,M,NAP,130,233,0,Normal,179,Y,0.4,Up,0
683346,Clement Kris,1927-01-20,1973-04-22,46,M,ATA,101,197,1,Normal,156,N,0.0,Up,0
449175,Delorse Marks I,1950-07-25,2009-09-26,59,M,NAP,126,218,1,Normal,134,N,2.2,Flat,1
401185,Lucius Breitenberg LLD,1908-06-27,1966-08-27,58,M,NAP,140,211,1,LVH,165,N,0.0,Up,0
172327,Msgr. Avril Lebsack,1929-12-23,1979-04-27,49,M,NAP,118,149,0,LVH,126,N,0.8,Up,1
21796,Ali Bednar,1957-12-29,2002-01-05,44,M,ASY,110,197,0,LVH,177,N,0.0,Up,1
634317,Miss Malia Pouros,1908-01-23,1974-06-01,66,M,ATA,160,246,0,Normal,120,Y,0.0,Flat,1
370706,May Jast,1908-09-27,1973-10-02,65,F,ASY,150,225,0,LVH,114,N,1.0,Flat,1
328901,Amb. Daphine Kunde,1932-09-24,1974-10-31,42,M,ASY,136,315,0,Normal,125,Y,1.8,Flat,1
615662,Oswaldo Shanahan II,1934-12-05,1987-02-15,52,M,ATA,128,205,1,Normal,184,N,0.0,Up,0
270018,Mrs. Anh Osinski,1923-06-18,1988-09-25,65,F,NAP,140,417,1,LVH,157,N,0.8,Up,0
259801,Orville Muller CPA,1915-01-20,1978-05-29,63,F,ATA,140,195,0,Normal,179,N,0.0,Up,0
267232,Ian Heaney,1945-05-09,1990-06-10,45,F,ATA,130,234,0,LVH,175,N,0.6,Flat,0
556907,Jackie Kozey,1937-05-14,1978-06-19,41,F,ATA,105,198,0,Normal,168,N,0.0,Up,0
799486,Luna Ullrich DDS,1945-09-29,2006-12-04,61,M,ASY,138,166,0,LVH,125,Y,3.6,Flat,1
633493,Kristine Mertz,1957-04-24,2017-08-03,60,F,NAP,120,178,1,Normal,96,N,0.0,Up,0
265226,Carl Okuneva,1937-10-05,1996-12-05,59,F,ASY,174,249,0,Normal,143,Y,0.0,Flat,1
46209,Brandi O'Reilly,1944-08-11,2006-08-14,62,M,ATA,120,281,0,LVH,103,N,1.4,Flat,1
281236,Justin Thiel,1959-12-25,2017-04-29,57,M,NAP,150,126,1,Normal,173,N,0.2,Up,0
4068,Pres. Georgiann Gusikowski,1912-09-19,1963-10-27,51,F,ASY,130,305,0,Normal,142,Y,1.2,Flat,1
425598,Hipolito Terry IV,1940-02-23,1984-03-02,44,M,NAP,120,226,0,Normal,169,N,0.0,Up,0
516514,Rep. Carl Gleichner,1906-11-13,1966-11-13,60,F,TA,150,240,0,Normal,171,N,0.9,Up,0
863616,Kim Larson,1930-05-25,1993-05-27,63,M,TA,145,233,1,LVH,150,N,2.3,Down,0
939811,Jacquelynn Rutherford,1936-08-16,1993-11-22,57,M,ASY,150,276,0,LVH,112,Y,0.6,Flat,1
330408,Conrad Willms,1908-08-23,1959-10-31,51,M,ASY,140,261,0,LVH,186,Y,0.0,Up,0
317786,Maryalice Feeney LLD,1949-07-05,2007-07-06,58,F,ATA,136,319,1,LVH,152,N,0.0,Up,1
109459,Emerson Considine,1947-10-16,1991-11-17,44,F,NAP,118,242,0,Normal,149,N,0.3,Flat,0
353825,Douglass Rohan,1934-02-11,1981-03-21,47,M,NAP,108,243,0,Normal,152,N,0.0,Up,1
35358,Prof. Edgardo Gutkowski,1906-10-20,1968-02-28,61,M,ASY,120,260,0,Normal,140,Y,3.6,Flat,1
460521,Palmer Collins DO,1937-03-14,1994-03-16,57,F,ASY,120,354,0,Normal,163,Y,0.6,Up,0
18543,Elenor Boehm,1951-11-26,2022-02-03,70,M,ATA,156,245,0,LVH,143,N,0.0,Up,0
424196,Emilio Zboncak,1936-10-05,2013-02-06,76,F,NAP,140,197,0,ST,116,N,1.1,Flat,0
526530,Rep. Reyes D'Amore,1944-01-30,2011-05-10,67,F,ASY,106,223,0,Normal,142,N,0.3,Up,0
933116,Gene Klocko,1922-06-19,1967-08-20,45,M,ASY,142,309,0,LVH,147,Y,0.0,Flat,1
818707,Anastacia Schneider,1937-03-17,1982-07-26,45,M,ASY,104,208,0,LVH,148,Y,3.0,Flat,0
75719,Jude Reynolds,1903-12-30,1943-03-11,39,F,NAP,94,199,0,Normal,179,N,0.0,Up,0
937940,Mrs. Valorie Swift,1946-02-06,1988-06-09,42,F,NAP,120,209,0,Normal,173,N,0.0,Flat,0
361408,Gussie Ward MD,1904-08-15,1960-11-16,56,M,ATA,120,236,0,Normal,178,N,0.8,Up,0
391531,Vernon Keebler,1935-10-16,1993-10-26,58,M,ASY,146,218,0,Normal,105,N,2.0,Flat,1
102555,Hassan Haley Jr.,1936-11-28,1972-03-09,35,M,ASY,120,198,0,Normal,130,Y,1.6,Flat,1
16320,Giuseppina Olson,1912-12-22,1970-12-31,58,M,ASY,150,270,0,LVH,111,Y,0.8,Up,1
450408,Deann Nikolaus,1946-04-13,1987-05-18,41,M,NAP,130,214,0,LVH,168,N,2.0,Flat,0
987535,Zackary Sawayn II,1912-01-25,1969-02-02,57,M,ASY,110,201,0,Normal,126,Y,1.5,Flat,0
796673,Jim Donnelly DO,1954-12-03,1997-01-07,42,M,TA,148,244,0,LVH,178,N,0.8,Up,0
72291,Alonso Jacobson Ret.,1905-08-22,1967-08-23,62,M,ATA,128,208,1,LVH,140,N,0.0,Up,0
244212,Daron McLaughlin,1940-12-23,2000-04-28,59,M,TA,178,270,0,LVH,145,N,4.2,Down,0
836576,Rolando Macejkovic,1954-11-27,1996-01-01,41,F,ATA,126,306,0,Normal,163,N,0.0,Up,0
647925,Joaquin Christiansen,1926-02-21,1976-03-02,50,M,ASY,150,243,0,LVH,128,N,2.6,Flat,1
453215,Ardelia Kertzmann,1942-04-13,2001-06-21,59,M,ATA,140,221,0,Normal,164,Y,0.0,Up,0
187777,The Hon. Tommy Bode,1931-08-17,1992-10-21,61,F,ASY,130,330,0,LVH,169,N,0.0,Up,1
73410,Morgan Reynolds,1933-05-24,1987-06-30,54,M,ASY,124,266,0,LVH,109,Y,2.2,Flat,1
467215,Tamie Kirlin,1936-09-29,1990-10-02,54,M,ASY,110,206,0,LVH,108,Y,0.0,Flat,1
296204,Heriberto Schaden JD,1942-12-07,1995-01-10,52,M,ASY,125,212,0,Normal,168,N,1.0,Up,1
641957,Shantelle Parisian Jr.,1910-10-14,1957-10-18,47,M,ASY,110,275,0,LVH,118,Y,1.0,Flat,1
834475,Otha Schuppe,1935-08-20,2001-10-23,66,M,ASY,120,302,0,LVH,151,N,0.4,Flat,0
586293,Willard Runte,1922-03-24,1980-05-27,58,M,ASY,100,234,0,Normal,156,N,0.1,Up,1
210342,Noella Muller JD,1918-03-31,1982-06-10,64,F,NAP,140,313,0,Normal,133,N,0.2,Up,0
970897,Carroll Mertz,1925-10-22,1975-10-28,50,F,ATA,120,244,0,Normal,162,N,1.1,Up,0
61336,Colby Halvorson Ret.,1909-03-27,1953-06-03,44,F,NAP,108,141,0,Normal,175,N,0.6,Flat,0
417414,Buck Kris,1952-12-26,2020-03-06,67,M,ASY,120,237,0,Normal,71,N,1.0,Flat,1
276136,Refugio Rogahn,1911-12-05,1961-04-14,49,F,ASY,130,269,0,Normal,163,N,0.0,Up,0
683353,Lakia Littel,1927-11-16,1984-12-25,57,M,ASY,165,289,1,LVH,124,N,1.0,Flat,1
860879,Isaac Sipes,1925-05-18,1988-08-26,63,M,ASY,130,254,0,LVH,147,N,1.4,Flat,1
890599,Brooks Douglas,1946-12-18,1995-03-27,48,M,ASY,124,274,0,LVH,166,N,0.5,Flat,1
725261,Leigh Swaniawski,1936-10-14,1987-10-18,51,M,NAP,100,222,0,Normal,143,Y,1.2,Flat,0
441235,Msgr. Pierre Lynch,1921-12-14,1982-01-16,60,F,ASY,150,258,0,LVH,157,N,2.6,Flat,1
614439,Gov. Stuart Breitenberg,1937-04-05,1996-07-09,59,M,ASY,140,177,0,Normal,162,Y,0.0,Up,1
326619,Amb. Jackie Vandervort,1903-03-17,1948-04-26,45,F,ATA,112,160,0,Normal,138,N,0.0,Flat,0
319906,Noelle Haag,1924-08-19,1979-09-27,55,F,ASY,180,327,0,ST,117,Y,3.4,Flat,1
557794,Rev. Rosenda Kohler,1946-09-23,1987-09-30,41,M,ATA,110,235,0,Normal,153,N,0.0,Up,0
815988,Miss Kathaleen Gottlieb,1923-09-17,1983-10-17,60,F,ASY,158,305,0,LVH,161,N,0.0,Up,1
300151,Carter Schumm Jr.,1939-10-17,1993-10-19,54,F,NAP,135,304,1,Normal,170,N,0.0,Up,0
366860,Jon Ondricka,1912-05-16,1954-09-20,42,M,ATA,120,295,0,Normal,162,N,0.0,Up,0
254358,Rep. Floyd Hermann,1921-01-17,1970-01-18,49,F,ATA,134,271,0,Normal,162,N,0.0,Flat,0
417131,Chastity Ziemann,1946-01-15,1992-02-17,46,M,ASY,120,249,0,LVH,144,N,0.8,Up,1
631014,Williams Gulgowski DC,1941-04-29,1997-08-31,56,F,ASY,200,288,1,LVH,133,Y,4.0,Down,1
371059,Malik Cruickshank,1905-08-21,1971-11-24,66,F,TA,150,226,0,Normal,114,N,2.6,Down,0
721082,Stuart Heidenreich,1908-06-21,1964-06-25,56,M,ASY,130,283,1,LVH,103,Y,1.6,Down,1
878990,Cordia Boehm,1913-08-20,1962-12-27,49,M,NAP,120,188,0,Normal,139,N,2.0,Flat,1
684650,Reita Will MD,1943-08-26,1997-10-06,54,M,ASY,122,286,0,LVH,116,Y,3.2,Flat,1
307742,Lorenzo Kerluke,1935-06-30,1992-11-08,57,M,ASY,152,274,0,Normal,88,Y,1.2,Flat,1
435061,Ivelisse Lockman,1901-02-28,1966-05-31,65,F,NAP,160,360,0,LVH,151,N,0.8,Up,0
354387,Sen. Garfield Cruickshank,1930-06-27,1984-08-04,54,M,NAP,125,273,0,LVH,152,N,0.5,Down,0
778706,Brice Lakin,1943-11-03,1998-02-09,54,F,NAP,160,201,0,Normal,163,N,0.0,Up,0
558072,Dena Wehner DVM,1948-02-24,2010-06-01,62,M,ASY,120,267,0,Normal,99,Y,1.8,Flat,1
552729,Maria Brown,1915-10-31,1967-12-01,52,F,NAP,136,196,0,LVH,169,N,0.1,Flat,0
29903,Jeffery Beer,1915-03-13,1967-07-23,52,M,ATA,134,201,0,Normal,158,N,0.8,Up,0
682120,Doyle Abbott,1953-05-06,2013-07-06,60,M,ASY,117,230,1,Normal,160,Y,1.4,Up,1
148959,Jefferey Morar,1908-03-23,1971-04-25,63,F,ASY,108,269,0,Normal,169,Y,1.8,Flat,1
685384,Jerrold Schimmel,1938-08-29,2004-09-06,66,M,ASY,112,212,0,LVH,132,Y,0.1,Up,1
343593,Michal Kihn VM,1906-08-31,1948-09-05,42,M,ASY,140,226,0,Normal,178,N,0.0,Up,0
952765,Mrs. Shakia Reinger,1912-07-30,1976-10-09,64,M,ASY,120,246,0,LVH,96,Y,2.2,Down,1
26060,Lavinia West III,1927-08-17,1981-09-27,54,M,NAP,150,232,0,LVH,165,N,1.6,Up,0
299500,Kraig Mosciski,1917-09-21,1963-10-28,46,F,NAP,142,177,0,LVH,160,Y,1.4,Down,0
521722,Mr. Dorine Reinger,1923-02-14,1990-03-23,67,F,NAP,152,277,0,Normal,172,N,0.0,Up,0
485496,Marth Stracke,1927-04-19,1983-08-22,56,M,ASY,125,249,1,LVH,144,Y,1.2,Flat,1
246243,Blaine Morissette,1955-12-27,1990-01-04,34,F,ATA,118,210,0,Normal,192,N,0.7,Up,0
651948,Jake Frami,1938-07-11,1995-10-19,57,M,ASY,132,207,0,Normal,168,Y,0.0,Up,0
990791,Yang Wunsch,1936-02-11,2000-03-19,64,M,ASY,145,212,0,LVH,132,N,2.0,Flat,1
875934,Vicenta Kunde,1907-04-12,1966-04-18,59,M,ASY,138,271,0,LVH,182,N,0.0,Up,0
227126,Jc Schinner,1903-08-24,1953-11-26,50,M,NAP,140,233,0,Normal,163,N,0.6,Flat,1
558020,Marybeth Ullrich,1945-08-02,1996-09-07,51,M,TA,125,213,0,LVH,125,Y,1.4,Up,0
543047,Sid Hagenes,1939-09-27,1994-02-02,54,M,ATA,192,283,0,LVH,195,N,0.0,Up,1
192635,Ashleigh Walker,1958-11-09,2011-12-10,53,M,ASY,123,282,0,Normal,95,Y,2.0,Flat,1
840677,Ms. Tyrell Harber,1945-03-10,1997-07-19,52,M,ASY,112,230,0,Normal,160,N,0.0,Up,1
936270,Darren Wilkinson,1905-08-03,1945-09-08,40,M,ASY,110,167,0,LVH,114,Y,2.0,Flat,1
989474,Ellis Mante,1941-11-08,1999-11-16,58,M,NAP,132,224,0,LVH,173,N,3.2,Up,1
473738,Levi Halvorson,1932-07-11,1973-10-18,41,F,NAP,112,268,0,LVH,172,Y,0.0,Up,0
188846,Romona Dooley,1915-07-14,1956-11-16,41,M,NAP,112,250,0,Normal,179,N,0.0,Up,0
226108,Susannah Lubowitz,1967-08-02,2017-10-07,50,F,NAP,120,219,0,Normal,158,N,1.6,Flat,0
5970,Lashandra Watsica,1947-12-07,2002-03-07,54,F,NAP,108,267,0,LVH,167,N,0.0,Up,0
280991,Toccara Hackett,1953-01-19,2017-04-27,64,F,ASY,130,303,0,Normal,122,N,2.0,Flat,0
150709,Cathleen Stoltenberg,1904-03-02,1955-03-06,51,F,NAP,130,256,0,LVH,149,N,0.5,Up,0
836278,Leena Marquardt,1912-08-30,1958-08-31,46,F,ATA,105,204,0,Normal,172,N,0.0,Up,0
141065,Coreen Zemlak,1903-08-26,1958-10-30,55,M,ASY,140,217,0,Normal,111,Y,5.6,Down,1
164480,Suzi Oberbrunner,1914-12-18,1960-02-20,45,M,ATA,128,308,0,LVH,170,N,0.0,Up,0
927293,Andrew Koelpin,1935-07-28,1991-12-07,56,M,TA,120,193,0,LVH,162,N,1.9,Flat,0
335557,Hilton Terry,1933-05-30,1999-07-08,66,F,ASY,178,228,1,Normal,165,Y,1.0,Flat,1
370578,Nova Greenfelder DVM,1922-10-14,1961-01-22,38,M,TA,120,231,0,Normal,182,Y,3.8,Flat,1
413023,Shana Brekke,1933-08-24,1995-10-03,62,F,ASY,150,244,0,Normal,154,Y,1.4,Flat,1
317392,Warren Will,1950-06-05,2005-06-11,55,M,ATA,130,262,0,Normal,155,N,0.0,Up,0
171471,Cameron Blick,1947-12-16,2006-03-21,58,M,ASY,128,259,0,LVH,130,Y,3.0,Flat,1
612626,Jamal Nitzsche,1915-07-17,1958-11-22,43,M,ASY,110,211,0,Normal,161,N,0.0,Up,0
805460,America Dooley,1941-02-26,2005-06-04,64,F,ASY,180,325,0,Normal,154,Y,0.0,Up,0
983856,Nila Fisher,1926-04-30,1976-08-01,50,F,ASY,110,254,0,LVH,159,N,0.0,Up,0
104991,Vance Schiller,1936-04-07,1989-07-08,53,M,NAP,130,197,1,LVH,152,N,1.2,Down,0
379191,Kerri Ruecker,1933-08-08,1978-12-11,45,F,ASY,138,236,0,LVH,152,Y,0.2,Flat,0
489674,Amb. Wayne Hudson,1956-08-11,2021-08-15,65,M,TA,138,282,1,LVH,174,N,1.4,Flat,1
822351,Bambi Wiza DDS,1954-07-16,2023-08-22,69,M,TA,160,234,1,LVH,131,N,0.1,Flat,0
343168,Rev. Gerri Frami,1937-04-20,2006-07-22,69,M,NAP,140,254,0,LVH,146,N,2.0,Flat,1
522253,Gov. Conception Rau,1937-12-10,2004-12-14,67,M,ASY,100,299,0,LVH,125,Y,0.9,Flat,1
726052,Eduardo Kirlin,1933-10-27,2002-01-02,68,F,NAP,120,211,0,LVH,115,N,1.5,Flat,0
315447,Luanna Hoeger,1964-05-31,1998-07-07,34,M,TA,118,182,0,LVH,174,N,0.0,Up,0
451424,Shaun Hegmann,1966-03-24,2028-06-25,62,F,ASY,138,294,1,Normal,106,N,1.9,Flat,1
150069,In Denesik DO,1927-05-14,1978-08-20,51,M,ASY,140,298,0,Normal,122,Y,4.2,Flat,1
725574,Anthony Olson,1903-05-21,1949-09-24,46,M,NAP,150,231,0,Normal,147,N,3.6,Flat,1
207997,Gerri Johnston,1906-07-30,1973-12-06,67,M,ASY,125,254,1,Normal,163,N,0.2,Flat,1
709252,Sen. Arthur Vandervort,1912-11-25,1963-03-04,50,M,NAP,129,196,0,Normal,163,N,0.0,Up,0
53441,Shawn Goodwin II,1948-11-16,1991-02-19,42,M,NAP,120,240,1,Normal,194,N,0.8,Down,0
424592,The Hon. Jinny Mraz,1941-06-06,1997-08-13,56,F,ASY,134,409,0,LVH,150,Y,1.9,Flat,1
240415,Mavis Zemlak,1970-11-19,2011-12-29,41,M,ASY,110,172,0,LVH,158,N,0.0,Up,1
993666,Frederick Medhurst,1912-07-30,1954-12-01,42,F,ASY,102,265,0,LVH,122,N,0.6,Flat,0
191644,Socorro Wilkinson,1929-05-14,1982-06-21,53,M,NAP,130,246,1,LVH,173,N,0.0,Up,0
257568,Terra Durgan,1936-10-22,1980-02-23,43,M,NAP,130,315,0,Normal,162,N,1.9,Up,0
420632,Maxwell Green,1933-01-27,1989-03-29,56,M,ASY,132,184,0,LVH,105,Y,2.1,Flat,1
72035,Rep. Charles Muller,1944-07-30,1996-09-30,52,M,ASY,108,233,1,Normal,147,N,0.1,Up,0
571794,Miss Erica Schowalter,1951-12-28,2014-01-03,62,F,ASY,140,394,0,LVH,157,N,1.2,Flat,0
355457,Kirk Stokes CPA,1925-07-27,1995-07-29,70,M,NAP,160,269,0,Normal,112,Y,2.9,Flat,1
798977,Gilbert Larson,1943-03-11,1997-07-19,54,M,ASY,140,239,0,Normal,160,N,1.2,Up,0
520481,Kortney Runte VM,1901-09-24,1971-10-27,70,M,ASY,145,174,0,Normal,125,Y,2.6,Down,1
753465,Cordell King DVM,1959-05-28,2013-07-29,54,M,ATA,108,309,0,Normal,156,N,0.0,Up,0
652265,Dwayne Homenick,1958-09-25,1993-10-27,35,M,ASY,126,282,0,LVH,156,Y,0.0,Up,1
941482,Adalberto Crist,1926-06-16,1974-10-19,48,M,NAP,124,255,1,Normal,175,N,0.0,Up,0
706789,Mike Rice II,1948-07-07,2003-07-11,55,F,ATA,135,250,0,LVH,161,N,1.4,Flat,0
329113,Msgr. Jonas Cormier,1913-01-21,1971-01-24,58,F,ASY,100,248,0,LVH,122,N,1.0,Flat,0
700077,Clorinda Witting II,1931-05-20,1985-06-30,54,F,NAP,110,214,0,Normal,158,N,1.6,Flat,0
568614,Chun Sanford,1949-07-27,2018-08-02,69,F,TA,140,239,0,Normal,151,N,1.8,Up,0
784764,Garry Hagenes,1920-01-23,1997-05-27,77,M,ASY,125,304,0,LVH,162,Y,0.0,Up,1
30436,Olen Casper,1918-12-20,1987-04-28,68,M,NAP,118,277,0,Normal,151,N,1.0,Up,0
984693,Rev. Arla Kovacek,1936-05-06,1994-06-12,58,M,ASY,125,300,0,LVH,171,N,0.0,Up,1
712360,Gov. Elvis Feil,1903-10-31,1963-11-09,60,M,ASY,125,258,0,LVH,141,Y,2.8,Flat,1
764366,Claris Schultz,1962-02-19,2013-04-19,51,M,ASY,140,299,0,Normal,173,Y,1.6,Up,1
351873,Trent Graham Ret.,1950-05-19,2005-08-27,55,M,ASY,160,289,0,LVH,145,Y,0.8,Flat,1
842594,Lane Kutch,1943-04-24,1995-07-28,52,M,TA,152,298,1,Normal,178,N,1.2,Flat,0
543291,Mr. Danille Bode,1924-02-21,1984-03-29,60,F,NAP,102,318,0,Normal,160,N,0.0,Up,0
188079,Carly Sipes III,1902-06-29,1960-07-05,58,M,NAP,105,240,0,LVH,154,Y,0.6,Flat,0
140905,Latanya Boyer JD,1947-11-12,2012-03-16,64,M,NAP,125,309,0,Normal,131,Y,1.8,Flat,1
81001,Rep. Gala Barton,1908-10-07,1946-01-11,37,M,NAP,130,250,0,Normal,187,N,3.5,Down,0
556544,Sixta Yost,1908-09-23,1967-12-03,59,M,TA,170,288,0,LVH,159,N,0.2,Flat,1
450075,Fermin Beahan,1955-07-08,2006-09-15,51,M,NAP,125,245,1,LVH,166,N,2.4,Flat,0
347867,Milford Tillman,1950-03-23,1993-05-25,43,F,NAP,122,213,0,Normal,165,N,0.2,Flat,0
92463,Maile Jones,1907-06-11,1965-06-12,58,M,ASY,128,216,0,LVH,131,Y,2.2,Flat,1
432511,Fr. Cecily Tillman,1958-10-15,1988-02-18,29,M,ATA,130,204,0,LVH,202,N,0.0,Up,0
35310,Jermaine Huel,1931-06-18,1972-08-19,41,F,ATA,130,204,0,LVH,172,N,1.4,Up,0
877433,Lewis Howell,1914-02-18,1977-05-25,63,F,NAP,135,252,0,LVH,172,N,0.0,Up,0
872282,Daron Becker,1912-10-30,1964-02-03,51,M,NAP,94,227,0,Normal,154,Y,0.0,Up,0
817342,Ms. Willena Becker,1952-04-02,2006-05-11,54,M,NAP,120,258,0,LVH,147,N,0.4,Flat,0
722726,Vada Nicolas,1930-01-17,1974-04-20,44,M,ATA,120,220,0,Normal,170,N,0.0,Up,0
668931,Leesa Hegmann DDS,1949-05-20,2003-09-27,54,M,ASY,110,239,0,Normal,126,Y,2.8,Flat,1
424872,Franklin Boyle,1941-10-29,2007-01-29,65,M,ASY,135,254,0,LVH,127,N,2.8,Flat,1
504310,Chong Koss,1926-12-13,1984-02-21,57,M,NAP,150,168,0,Normal,174,N,1.6,Up,0
624654,Wesley Simonis,1919-12-21,1983-01-23,63,M,ASY,130,330,1,LVH,132,Y,1.8,Up,1
238253,Donna Bruen,1963-07-12,1998-08-12,35,F,ASY,138,183,0,Normal,182,N,1.4,Up,0
225847,Mrs. Shanice Volkman,1921-03-18,1962-05-18,41,M,ATA,135,203,0,Normal,132,N,0.0,Flat,0
710130,Rev. Tyler Gislason,1962-07-13,2024-09-14,62,F,NAP,130,263,0,Normal,97,N,1.2,Flat,1
901032,Kattie Zieme V,1933-02-01,1976-04-05,43,F,ASY,132,341,1,LVH,136,Y,3.0,Flat,1
500276,Ezequiel Kuhn V,1952-05-31,2010-10-09,58,F,TA,150,283,1,LVH,162,N,1.0,Up,0
71235,Curtis Stokes,1918-09-17,1970-10-22,52,M,TA,118,186,0,LVH,190,N,0.0,Flat,0
688253,Dr. Leonel Hegmann,1923-02-28,1984-05-05,61,F,ASY,145,307,0,LVH,146,Y,1.0,Flat,1
881413,Cathy Gutmann,1923-11-19,1963-01-24,39,M,ASY,118,219,0,Normal,140,N,1.2,Flat,1
555291,Crissy Stamm,1902-11-22,1948-03-01,45,M,ASY,115,260,0,LVH,185,N,0.0,Up,0
71705,Jeffry Cassin,1951-04-27,2003-04-30,52,M,ASY,128,255,0,Normal,161,Y,0.0,Up,1
326196,Clair Senger,1941-04-19,2003-08-29,62,M,NAP,130,231,0,Normal,146,N,1.8,Flat,0
245254,Gov. Joe Tromp,1935-08-23,1997-10-02,62,F,ASY,160,164,0,LVH,145,N,6.2,Down,1
958424,Margarete Bogan,1936-05-09,1989-09-19,53,F,ASY,138,234,0,LVH,160,N,0.0,Up,0
271350,Modesto Langosh,1963-11-14,2006-12-14,43,M,ASY,120,177,0,LVH,120,Y,2.5,Flat,1
244069,Holly Bernhard,1967-10-06,2015-01-12,47,M,NAP,138,257,0,LVH,156,N,0.0,Up,0
745603,Maggie Dach II,1954-04-17,2006-05-27,52,M,ATA,120,325,0,Normal,172,N,0.2,Up,0
94473,Stacie Reichert DC,1919-05-28,1987-09-04,68,M,NAP,180,274,1,LVH,150,Y,1.6,Flat,1
999730,Cheryl Windler LLD,1926-10-16,1966-02-26,39,M,NAP,140,321,0,LVH,182,N,0.0,Up,0
693523,Millicent Halvorson,1912-05-31,1965-06-02,53,F,ASY,130,264,0,LVH,143,N,0.4,Flat,0
293358,Melynda Jakubowski,1909-03-20,1971-04-28,62,F,ASY,140,268,0,LVH,160,N,3.6,Down,1
340869,Bess Bayer,1902-11-28,1954-02-05,51,F,NAP,140,308,0,LVH,142,N,1.5,Up,0
833728,Isiah Rosenbaum,1923-04-29,1983-08-02,60,M,ASY,130,253,0,Normal,144,Y,1.4,Up,1
270189,Amb. Austin Halvorson,1939-12-07,2005-01-13,65,M,ASY,110,248,0,LVH,158,N,0.6,Up,1
325690,Abdul Ankunding MD,1904-01-23,1969-05-29,65,F,NAP,155,269,0,Normal,148,N,0.8,Up,0
695943,Denis Bergstrom,1913-08-20,1973-08-21,60,M,NAP,140,185,0,LVH,155,N,3.0,Flat,1
17174,Devin Kohler,1952-03-25,2012-06-03,60,M,ASY,145,282,0,LVH,142,Y,2.8,Flat,1
649575,Danny Mann,1901-12-29,1956-03-05,54,M,ASY,120,188,0,Normal,113,N,1.4,Flat,1
249294,Carolyn Berge,1938-05-13,1982-09-17,44,M,ATA,130,219,0,LVH,188,N,0.0,Up,0
316920,Bibi Reinger,1959-04-12,2003-04-13,44,M,ASY,112,290,0,LVH,153,N,0.0,Up,1
659770,Sherill Welch III,1901-08-19,1952-12-26,51,M,NAP,110,175,0,Normal,123,N,0.6,Up,0
333233,Lauran Simonis,1952-06-08,2011-06-11,59,M,NAP,150,212,1,Normal,157,N,1.6,Up,0
92164,Lahoma Stracke,1933-10-22,2005-02-24,71,F,ATA,160,302,0,Normal,162,N,0.4,Up,0
554029,Elizebeth Collier,1932-09-12,1993-09-16,61,M,NAP,150,243,1,Normal,137,Y,1.0,Flat,0
528388,Kathi O'Reilly,1958-11-12,2013-11-16,55,M,ASY,132,353,0,Normal,132,Y,1.2,Flat,1
287854,Theo Bode,1911-10-27,1976-02-03,64,M,NAP,140,335,0,Normal,158,N,0.0,Up,1
208298,Steven Smith,1938-05-30,1981-07-07,43,M,ASY,150,247,0,Normal,171,N,1.5,Up,0
422535,Krishna Dietrich,1933-01-27,1991-02-01,58,F,NAP,120,340,0,Normal,172,N,0.0,Up,0
255617,Arlena Wilderman,1920-06-13,1980-10-13,60,M,ASY,130,206,0,LVH,132,Y,2.4,Flat,1
511425,Jacques Carroll,1931-11-16,1989-11-21,58,M,ATA,120,284,0,LVH,160,N,1.8,Flat,1
94288,Steve Schaden,1954-10-07,2003-11-14,49,M,ATA,130,266,0,Normal,171,N,0.6,Up,0
335332,Vallie Keeling,1904-11-27,1952-12-01,48,M,ATA,110,229,0,Normal,168,N,1.0,Down,1
829160,Miesha Boehm,1910-11-26,1963-01-26,52,M,NAP,172,199,1,Normal,162,N,0.5,Up,0
486919,Luke Graham,1955-07-27,1999-10-04,44,M,ATA,120,263,0,Normal,173,N,0.0,Up,0
529567,Telma Daniel,1919-09-16,1976-01-21,56,F,ATA,140,294,0,LVH,153,N,1.3,Flat,0
634501,Marcos McKenzie,1937-09-05,1995-01-07,57,M,ASY,140,192,0,Normal,148,N,0.4,Flat,0
229334,Sergio Veum,1924-10-30,1992-01-04,67,M,ASY,160,286,0,LVH,108,Y,1.5,Flat,1
618849,Elinor Hauck,1946-05-18,1999-07-26,53,F,NAP,128,216,0,LVH,115,N,0.0,Up,0
26458,George Cronin,1940-07-08,1992-07-12,52,M,NAP,138,223,0,Normal,169,N,0.0,Up,0
613837,Sen. Shaunta Franecki,1937-10-24,1981-01-24,43,M,ASY,132,247,1,LVH,143,Y,0.1,Flat,1
211327,Elsa Muller,1948-09-29,2000-11-01,52,M,ASY,128,204,1,Normal,156,Y,1.0,Flat,1
266365,Bree Harvey VM,1933-02-13,1992-02-14,59,M,TA,134,204,0,Normal,162,N,0.8,Up,1
581458,Greg Langosh DO,1950-11-19,2015-03-21,64,M,TA,170,227,0,LVH,155,N,0.6,Flat,0
278898,Neil Greenfelder,1943-11-18,2010-02-20,66,F,NAP,146,278,0,LVH,152,N,0.0,Flat,0
590272,Audria Kautzer,1946-10-30,1986-02-05,39,F,NAP,138,220,0,Normal,152,N,0.0,Flat,0
765966,Pres. Jerry Zulauf,1906-04-30,1963-08-01,57,M,ATA,154,232,0,LVH,164,N,0.0,Up,1
250643,Josh Legros IV,1925-06-23,1983-07-23,58,F,ASY,130,197,0,Normal,131,N,0.6,Flat,0
337919,Avery Johnson,1913-03-17,1970-07-21,57,M,ASY,110,335,0,Normal,143,Y,3.0,Flat,1
916370,The Hon. Dexter Macejkovic,1947-02-07,1994-06-07,47,M,NAP,130,253,0,Normal,179,N,0.0,Up,0
310939,Arielle Gibson,1906-02-28,1961-05-01,55,F,ASY,128,205,0,ST,130,Y,2.0,Flat,1
603305,Ardis Schuppe,1930-01-18,1965-05-28,35,M,ATA,122,192,0,Normal,174,N,0.0,Up,0
823446,Elenor Kuhlman,1927-01-31,1988-06-03,61,M,ASY,148,203,0,Normal,161,N,0.0,Up,1
645982,Minna Blick I,1966-11-03,2025-01-12,58,M,ASY,114,318,0,ST,140,N,4.4,Down,1
366663,Rana Mraz,1911-07-25,1969-08-31,58,F,ASY,170,225,1,LVH,146,Y,2.8,Flat,1
480222,Staci Wiza,1933-02-19,1991-03-22,58,M,ATA,125,220,0,Normal,144,N,0.4,Flat,0
797974,Enoch Weimann,1954-12-25,2011-02-03,56,M,ATA,130,221,0,LVH,163,N,0.0,Up,0
640762,Etha Haag Sr.,1950-03-29,2006-06-01,56,M,ATA,120,240,0,Normal,169,N,0.0,Down,0
899872,Alena Weber,1926-10-14,1994-01-18,67,M,NAP,152,212,0,LVH,150,N,0.8,Flat,1
779816,Darin Grant,1948-12-27,2003-12-28,55,F,ATA,132,342,0,Normal,166,N,1.2,Up,0
810059,Hubert Smith MD,1938-01-05,1982-03-10,44,M,ASY,120,169,0,Normal,144,Y,2.8,Down,1
695416,Julianne Murphy Esq.,1919-01-16,1982-05-18,63,M,ASY,140,187,0,LVH,144,Y,4.0,Up,1
791535,Mrs. Annika Kovacek,1937-11-24,2001-02-24,63,F,ASY,124,197,0,Normal,136,Y,0.0,Flat,1
167618,Melvin Raynor,1939-04-11,1980-06-16,41,M,ATA,120,157,0,Normal,182,N,0.0,Up,0
393346,Lewis Runolfsson DC,1933-11-20,1993-01-28,59,M,ASY,164,176,1,LVH,90,N,1.0,Flat,1
453950,Minna Grady,1966-10-15,2023-10-15,57,F,ASY,140,241,0,Normal,123,Y,0.2,Flat,1
685589,Msgr. Christiane Robel,1906-06-15,1951-09-20,45,M,TA,110,264,0,Normal,132,N,1.2,Flat,1
864334,Msgr. Elisha Ritchie,1936-08-26,2005-01-03,68,M,ASY,144,193,1,Normal,141,N,3.4,Flat,1
524468,Kathi Collins,1941-02-16,1998-02-22,57,M,ASY,130,131,0,Normal,115,Y,1.2,Flat,1
314872,Kaitlyn Crist,1922-09-13,1979-10-14,57,F,ATA,130,236,0,LVH,174,N,0.0,Flat,1
1306,Loyd Jacobi,1907-06-21,1945-10-01,38,M,NAP,138,175,0,Normal,173,N,0.0,Up,0
,,,,,,,,,,,,,,,
